Invoice Date,Customer ID,Invoice ID,Invoice Amount,Payment Term (Days),Payment Date,Days Delayed,Collected Amount,Outstanding Amount,Credit Note,Region,Segment
5/1/2025,CUST_D,INV-6547,8059.49,60,8/25/2025,56,6662.16,1397.33,0,North,Enterprise
5/1/2025,CUST_D,INV-6683,18994.89,60,8/27/2025,58,18247.8,747.09,0,North,SME
5/1/2025,CUST_A,INV-6712,19370.63,60,6/28/2025,-2,15553.99,3467.09,349.55,South,Mid-Market
5/1/2025,CUST_C,INV-6304,20689.85,45,7/1/2025,16,19906.48,678,105.37,East,Mid-Market
5/1/2025,CUST_A,INV-6317,5606.24,60,7/1/2025,1,5418.64,187.6,0,North,SME
5/1/2025,CUST_D,INV-6596,13675.08,45,8/12/2025,58,12717.88,469.3,487.9,North,Enterprise
5/2/2025,CUST_B,INV-6020,8914.1,60,7/4/2025,3,7537.2,1376.9,0,East,Enterprise
5/2/2025,CUST_E,INV-6681,15202.42,30,6/5/2025,4,12383.5,2818.92,0,South,Enterprise
5/2/2025,CUST_C,INV-6883,15002.11,30,6/22/2025,21,12196.41,2430.41,375.29,North,SME
5/2/2025,CUST_D,INV-6998,16245.46,60,9/3/2025,64,15812.44,115.87,317.15,East,Mid-Market
5/2/2025,CUST_B,INV-6943,15974.51,30,6/3/2025,2,15912.33,62.18,0,West,Enterprise
5/2/2025,CUST_D,INV-6471,22849.01,60,9/2/2025,63,22820.63,28.38,0,West,Mid-Market
5/2/2025,CUST_D,INV-6155,23162.82,45,8/17/2025,62,19594.87,3314.59,253.36,West,SME
5/2/2025,CUST_C,INV-6362,20182.79,30,6/20/2025,19,18161.51,1761.01,260.27,North,Mid-Market
5/2/2025,CUST_E,INV-6764,5518.23,60,7/12/2025,11,5210.94,307.29,0,East,SME
5/2/2025,CUST_D,INV-6709,5987.69,45,8/15/2025,60,5437.66,550.03,0,South,Mid-Market
5/3/2025,CUST_E,INV-6688,15053.53,30,6/24/2025,22,13849.71,787.24,416.58,East,Mid-Market
5/3/2025,CUST_C,INV-6443,15712.17,30,6/21/2025,19,14485.33,904.52,322.32,South,Mid-Market
5/3/2025,CUST_A,INV-6520,14455.96,45,6/18/2025,1,13664.22,791.74,0,West,Mid-Market
5/3/2025,CUST_B,INV-6428,9451.24,30,5/31/2025,-2,8800.15,651.09,0,East,SME
5/3/2025,CUST_B,INV-6054,10195.05,45,6/15/2025,-2,10051.14,143.91,0,North,SME
5/3/2025,CUST_E,INV-6175,20289.55,30,6/25/2025,23,16781.45,3437.83,70.27,South,SME
5/3/2025,CUST_B,INV-6873,9271.08,60,7/3/2025,1,7994.58,910.36,366.14,North,Mid-Market
5/4/2025,CUST_D,INV-6058,16370.32,30,8/5/2025,63,13894.41,2008.89,467.02,South,SME
5/4/2025,CUST_E,INV-6062,16885.43,30,6/20/2025,17,13764.58,3048.32,72.53,North,Enterprise
5/4/2025,CUST_D,INV-6230,15473.74,45,8/22/2025,65,13937.54,1516.57,19.63,West,Mid-Market
5/4/2025,CUST_A,INV-6078,21386.94,60,7/1/2025,-2,21215.99,149.44,21.51,West,SME
5/4/2025,CUST_C,INV-6522,14298.69,60,7/24/2025,21,14255.14,43.55,0,East,Mid-Market
5/4/2025,CUST_D,INV-6447,10665.06,30,8/4/2025,62,8543.36,2121.7,0,South,Mid-Market
5/4/2025,CUST_A,INV-6806,6179.07,45,6/18/2025,0,5602.14,456.8,120.13,East,SME
5/5/2025,CUST_D,INV-6711,8914.02,60,8/31/2025,58,7486.54,1271.03,156.45,East,Enterprise
5/5/2025,CUST_A,INV-6715,8287.23,45,6/17/2025,-2,7039.61,774.12,473.5,South,Mid-Market
5/5/2025,CUST_E,INV-6288,23818.64,60,7/26/2025,22,23713.32,105.32,0,North,Mid-Market
5/5/2025,CUST_D,INV-6275,19798.82,60,9/5/2025,63,16661.89,3136.93,0,East,Mid-Market
5/5/2025,CUST_A,INV-6273,16300.79,45,6/18/2025,-1,15653.46,609.18,38.15,North,Enterprise
5/5/2025,CUST_C,INV-6708,20756.53,45,7/7/2025,18,19019.46,1371.04,366.03,South,Mid-Market
5/5/2025,CUST_B,INV-6499,17258.46,30,6/4/2025,0,17246.21,0,198.51,North,SME
5/5/2025,CUST_A,INV-6001,6752.19,45,6/17/2025,-2,5490.34,1261.85,0,West,Mid-Market
5/6/2025,CUST_C,INV-6497,15707.45,45,7/7/2025,17,14218.27,1489.18,0,West,Enterprise
5/6/2025,CUST_A,INV-6518,8306.54,30,6/5/2025,0,8053.11,253.43,0,North,SME
5/6/2025,CUST_C,INV-6638,6314.49,45,7/16/2025,26,5868.5,0,479.03,East,Enterprise
5/6/2025,CUST_B,INV-6612,20596.43,30,6/3/2025,-2,18706.72,1888.19,1.52,West,SME
5/6/2025,CUST_C,INV-6351,14756.71,30,6/28/2025,23,11986.18,2770.53,0,East,SME
5/7/2025,CUST_A,INV-6980,17763.35,45,6/23/2025,2,16824.26,939.09,0,North,SME
5/7/2025,CUST_E,INV-6992,6266.58,45,6/27/2025,6,5372.05,680.44,214.09,North,SME
5/7/2025,CUST_B,INV-6354,10232.35,30,6/7/2025,1,8720.58,1364.95,146.82,South,Enterprise
5/7/2025,CUST_B,INV-6765,11817.9,45,6/23/2025,2,10876.21,568.52,373.17,West,SME
5/7/2025,CUST_D,INV-6938,15550.4,45,8/18/2025,58,12776.47,2773.93,0,West,Enterprise
5/7/2025,CUST_E,INV-6327,17183.81,45,6/16/2025,-5,15374.12,1809.69,0,East,Mid-Market
5/7/2025,CUST_C,INV-6439,5044.2,45,7/11/2025,20,4536.23,507.97,0,East,Enterprise
5/8/2025,CUST_D,INV-6707,20526.32,60,8/31/2025,55,17954.81,2571.51,0,South,SME
5/8/2025,CUST_C,INV-6668,5454.11,60,8/2/2025,26,5285.48,0,312.94,East,SME
5/8/2025,CUST_B,INV-6478,23077.35,60,7/7/2025,0,18782.99,3960.43,333.93,East,SME
5/8/2025,CUST_E,INV-6579,7666.08,45,7/8/2025,16,6149.12,1192.38,324.58,South,Mid-Market
5/8/2025,CUST_C,INV-6406,11294.1,45,7/17/2025,25,10743.67,454.47,95.96,East,Enterprise
5/8/2025,CUST_E,INV-6124,19322.11,60,7/29/2025,22,15751.12,3296.14,274.85,South,Enterprise
5/8/2025,CUST_D,INV-6793,13213.69,45,8/26/2025,65,12207.78,1005.91,0,East,Mid-Market
5/9/2025,CUST_E,INV-6813,16288.62,30,6/14/2025,6,16003.93,0,486.99,East,Enterprise
5/9/2025,CUST_D,INV-6319,12795.26,45,8/23/2025,61,11759.84,1035.42,0,North,Mid-Market
5/9/2025,CUST_D,INV-6710,23342.08,45,8/27/2025,65,23056.08,286,0,East,SME
5/10/2025,CUST_C,INV-6647,18071.87,60,7/28/2025,19,16774.8,1297.07,0,North,Mid-Market
5/10/2025,CUST_C,INV-6342,19960.72,45,7/12/2025,18,17672.51,2078.54,209.67,East,Enterprise
5/10/2025,CUST_A,INV-6879,19696.39,30,6/6/2025,-3,17786.95,1571.64,337.8,North,SME
5/10/2025,CUST_C,INV-6576,16183,30,6/30/2025,21,15392.81,790.19,0,North,Enterprise
5/10/2025,CUST_B,INV-6146,23954.26,45,6/26/2025,2,20051.09,3603.07,300.1,North,Enterprise
5/11/2025,CUST_A,INV-6665,8015.08,30,6/7/2025,-3,6682.22,1332.86,0,East,Mid-Market
5/11/2025,CUST_C,INV-6859,9766.29,30,7/3/2025,23,9549.32,216.97,0,East,SME
5/11/2025,CUST_A,INV-6270,5205.06,60,7/10/2025,0,4845.18,0,362.88,East,Mid-Market
5/11/2025,CUST_A,INV-6101,18528.5,45,6/24/2025,-1,15700.3,2828.2,0,North,Enterprise
5/11/2025,CUST_A,INV-6789,12690.08,45,6/27/2025,2,11124.55,1565.53,0,South,SME
5/11/2025,CUST_A,INV-6748,24240.67,30,6/11/2025,1,20823.66,3204.47,212.54,East,Mid-Market
5/12/2025,CUST_A,INV-6894,5305.15,60,7/13/2025,2,4693.87,264.64,346.64,North,SME
5/12/2025,CUST_D,INV-6648,23625.73,60,9/12/2025,63,21889.42,1557.91,178.4,West,Mid-Market
5/12/2025,CUST_E,INV-6496,20307.84,30,6/8/2025,-3,19078.98,1228.86,0,West,Mid-Market
5/12/2025,CUST_A,INV-6661,5145.02,60,7/8/2025,-3,4168.15,790.64,186.23,South,Enterprise
5/12/2025,CUST_E,INV-6960,17398.88,45,7/8/2025,12,15035.34,2363.54,0,West,SME
5/12/2025,CUST_D,INV-6494,17197.18,45,8/26/2025,61,13986.87,3166.75,43.56,East,Mid-Market
5/12/2025,CUST_B,INV-6472,19582.24,60,7/13/2025,2,17605.92,1976.32,0,East,Enterprise
5/12/2025,CUST_D,INV-6355,17745.4,60,9/7/2025,58,16852.48,892.92,0,North,Mid-Market
5/12/2025,CUST_D,INV-6255,22219.25,60,9/9/2025,60,22018.57,200.68,0,East,Enterprise
5/12/2025,CUST_B,INV-6119,11502.7,60,7/11/2025,0,10690.07,621.01,191.62,South,Mid-Market
5/12/2025,CUST_A,INV-6523,5852.84,30,6/10/2025,-1,4875.87,819.29,157.68,West,Mid-Market
5/13/2025,CUST_B,INV-6193,23684.14,30,6/15/2025,3,19179.26,4143.73,361.15,East,Mid-Market
5/13/2025,CUST_E,INV-6975,10948.91,60,8/10/2025,29,10656.09,292.82,0,East,SME
5/13/2025,CUST_C,INV-6435,18682.1,60,8/2/2025,21,16220.32,2461.78,0,East,Enterprise
5/13/2025,CUST_D,INV-6918,16733.85,30,8/14/2025,63,13964.78,2714.83,54.24,North,Mid-Market
5/14/2025,CUST_E,INV-6099,12400.2,30,6/27/2025,14,10565.09,1534.47,300.64,North,Enterprise
5/14/2025,CUST_E,INV-6608,5188.9,60,7/15/2025,2,4740.51,448.39,0,West,SME
5/14/2025,CUST_B,INV-6800,21648.9,60,7/13/2025,0,17665.85,3725.23,257.82,North,Enterprise
5/14/2025,CUST_D,INV-6477,22619.56,45,8/24/2025,57,22553.09,66.47,0,North,Enterprise
5/15/2025,CUST_D,INV-6543,5215.19,60,9/17/2025,65,4313.58,466.93,434.68,South,Enterprise
5/15/2025,CUST_C,INV-6084,8227.15,60,8/1/2025,18,8098.22,0,208.06,North,Enterprise
5/16/2025,CUST_B,INV-6243,10217.85,60,7/14/2025,-1,9095.47,1122.38,0,South,Mid-Market
5/16/2025,CUST_C,INV-6667,19013.87,30,7/9/2025,24,18111.68,754.27,147.92,South,Mid-Market
5/16/2025,CUST_B,INV-6529,24118.28,30,6/17/2025,2,20929.46,2833.67,355.15,North,Enterprise
5/16/2025,CUST_C,INV-6098,9143.66,30,7/15/2025,30,9094.6,49.06,0,South,Enterprise
5/16/2025,CUST_D,INV-6542,15858.11,30,8/10/2025,56,14070.3,1787.81,0,North,Mid-Market
5/16/2025,CUST_C,INV-6402,10554.67,45,7/17/2025,17,9296.19,1258.48,0,East,Mid-Market
5/16/2025,CUST_E,INV-6066,21064.19,45,7/23/2025,23,19013.42,1837.78,212.99,North,Enterprise
5/17/2025,CUST_E,INV-6481,22091.07,60,8/12/2025,27,20620.39,1078.77,391.91,West,Enterprise
5/17/2025,CUST_B,INV-6820,20134.21,45,7/2/2025,1,17942.97,2191.24,0,South,Mid-Market
5/17/2025,CUST_D,INV-6302,9234.52,45,8/26/2025,56,8430.05,804.47,0,North,SME
5/18/2025,CUST_A,INV-6837,21765.52,45,7/4/2025,2,18743.91,3021.61,0,South,SME
5/18/2025,CUST_C,INV-6772,24161.61,60,8/8/2025,22,20748.05,3413.56,0,West,Enterprise
5/18/2025,CUST_A,INV-6452,14577.63,60,7/15/2025,-2,11916.89,2660.74,0,South,Enterprise
5/18/2025,CUST_A,INV-6107,8240.46,45,7/4/2025,2,7008.02,1232.44,0,West,SME
5/18/2025,CUST_B,INV-6637,20812.88,60,7/18/2025,1,19707.39,1105.49,0,South,Enterprise
5/18/2025,CUST_D,INV-6191,13479.43,30,8/19/2025,63,13149.04,0,407.01,East,Mid-Market
5/18/2025,CUST_E,INV-6318,22371.45,30,6/29/2025,12,19910.7,1998.38,462.37,West,SME
5/18/2025,CUST_D,INV-6343,24150.77,45,9/5/2025,65,23842.24,28.69,279.84,South,Mid-Market
5/18/2025,CUST_B,INV-6303,20366.79,30,6/18/2025,1,17367.96,2565.28,433.55,South,Enterprise
5/19/2025,CUST_E,INV-6179,24331.95,30,7/16/2025,28,24166.7,165.25,0,North,SME
5/19/2025,CUST_B,INV-6018,10682.97,30,6/20/2025,2,10055.13,627.84,0,South,SME
5/19/2025,CUST_E,INV-6042,22331.19,60,7/19/2025,1,17986.79,4344.4,0,South,SME
5/19/2025,CUST_C,INV-6611,14606.68,60,8/13/2025,26,14342.38,264.3,0,West,Mid-Market
5/20/2025,CUST_C,INV-6415,7586.41,60,8/4/2025,16,7289.45,168.39,128.57,North,Mid-Market
5/20/2025,CUST_A,INV-6592,20859.9,45,7/3/2025,-1,18970.02,1581.78,308.1,South,SME
5/20/2025,CUST_B,INV-6381,21146.23,45,7/6/2025,2,17688.04,3280.79,177.4,South,Mid-Market
5/20/2025,CUST_E,INV-6934,18419.63,30,6/16/2025,-3,15047.65,3261.98,110,North,SME
5/20/2025,CUST_C,INV-6534,7483.04,60,8/5/2025,17,6721.09,503.83,258.12,West,SME
5/21/2025,CUST_A,INV-6504,12009.88,45,7/2/2025,-3,10149.77,1860.11,0,East,Enterprise
5/21/2025,CUST_A,INV-6200,19527.88,45,7/4/2025,-1,16646.93,2840.06,40.89,South,SME
5/21/2025,CUST_E,INV-6501,21451.38,45,7/28/2025,23,18503.76,2528.55,419.07,East,SME
5/21/2025,CUST_B,INV-6178,18801.75,30,6/20/2025,0,15137.83,3663.92,0,South,Enterprise
5/22/2025,CUST_A,INV-6145,22756.3,60,7/18/2025,-3,21261.68,1494.62,0,North,Mid-Market
5/22/2025,CUST_B,INV-6700,16401.38,30,6/22/2025,1,13915.79,2148.76,336.83,West,Enterprise
5/22/2025,CUST_D,INV-6297,14934.61,60,9/18/2025,59,12425.03,2110.24,399.34,South,SME
5/22/2025,CUST_B,INV-6587,8894.45,30,6/23/2025,2,8079.62,668.63,146.2,East,SME
5/23/2025,CUST_C,INV-6137,21887.73,60,8/20/2025,29,18191.39,3696.34,0,East,Enterprise
5/23/2025,CUST_B,INV-6369,6678.14,30,6/24/2025,2,6568.61,0,494.26,North,Mid-Market
5/23/2025,CUST_B,INV-6139,24647.35,45,7/10/2025,3,21728.23,2890.21,28.91,East,Enterprise
5/23/2025,CUST_B,INV-6162,15392.85,45,7/5/2025,-2,13095.57,2297.28,0,South,Enterprise
5/23/2025,CUST_E,INV-6106,8566.64,30,7/19/2025,27,7742.34,425.32,398.98,West,SME
5/23/2025,CUST_D,INV-6540,19291.39,60,9/23/2025,63,18042.25,1249.14,0,North,Enterprise
5/23/2025,CUST_E,INV-6503,13659.02,30,6/19/2025,-3,12879.02,780,0,West,Enterprise
5/23/2025,CUST_A,INV-6591,12869.83,30,6/22/2025,0,10630.78,2170.22,68.83,West,SME
5/24/2025,CUST_E,INV-6775,10738.54,45,7/4/2025,-4,9561.68,1169.38,7.48,South,Enterprise
5/24/2025,CUST_D,INV-6141,22461.66,60,9/18/2025,57,22064.5,397.16,0,East,SME
5/24/2025,CUST_E,INV-6330,15479.27,45,8/1/2025,24,13641.04,1804.54,33.69,West,Mid-Market
5/25/2025,CUST_D,INV-6657,6470.33,30,8/23/2025,60,6386.73,0,386.34,West,Mid-Market
5/25/2025,CUST_E,INV-6956,15659.37,30,7/18/2025,24,15374.68,127.5,157.19,East,SME
5/25/2025,CUST_B,INV-6359,20969.87,30,6/27/2025,3,17272.54,3300.58,396.75,West,Enterprise
5/25/2025,CUST_A,INV-6633,14411.73,60,7/22/2025,-2,12564.63,1357.21,489.89,West,Mid-Market
5/26/2025,CUST_A,INV-6732,17686.08,60,7/22/2025,-3,17114.31,467.99,103.78,East,SME
5/27/2025,CUST_E,INV-6412,17953.78,60,8/5/2025,10,17880.92,72.86,0,South,Mid-Market
5/27/2025,CUST_A,INV-6600,17111.28,45,7/9/2025,-2,15331.26,1491.28,288.74,East,SME
5/27/2025,CUST_D,INV-6721,21439.52,60,9/22/2025,58,19436.06,2003.46,0,East,Mid-Market
5/27/2025,CUST_B,INV-6241,24530.1,45,7/14/2025,3,20219.89,4026.55,283.66,North,SME
5/27/2025,CUST_C,INV-6487,24503.94,30,7/19/2025,23,21512.04,2652.13,339.77,East,SME
5/27/2025,CUST_B,INV-6556,15129.71,45,7/11/2025,0,13220.04,1773.52,136.15,South,SME
5/27/2025,CUST_D,INV-6819,5569.91,60,9/27/2025,63,5433.82,0,298.44,South,Enterprise
5/27/2025,CUST_C,INV-6541,17732.65,45,7/28/2025,17,15773.78,1958.87,0,East,Enterprise
5/27/2025,CUST_D,INV-6509,12506.63,30,8/28/2025,63,11940.84,530.45,35.34,South,Mid-Market
5/27/2025,CUST_E,INV-6182,15579.16,45,7/29/2025,18,13938.18,1610.66,30.32,East,SME
5/28/2025,CUST_E,INV-6261,23435.96,30,7/25/2025,28,22816.74,157.87,461.35,East,Mid-Market
5/28/2025,CUST_A,INV-6274,8295.06,60,7/25/2025,-2,8241.34,0,83.9,West,SME
5/28/2025,CUST_A,INV-6247,19298.67,45,7/10/2025,-2,19119.48,179.19,0,North,Mid-Market
5/28/2025,CUST_A,INV-6942,12355.87,30,6/27/2025,0,10796.05,1528.16,31.66,East,Mid-Market
5/28/2025,CUST_A,INV-6363,18677,45,7/12/2025,0,18422.71,254.29,0,North,Mid-Market
5/29/2025,CUST_E,INV-6904,14317.76,30,7/24/2025,26,12689.58,1563.01,65.17,East,SME
5/29/2025,CUST_A,INV-6429,6202.28,30,6/27/2025,-1,5664.24,538.04,0,East,SME
5/29/2025,CUST_E,INV-6694,21337.84,45,7/8/2025,-5,20442.9,894.94,0,North,Mid-Market
5/29/2025,CUST_D,INV-6945,9123.27,30,9/1/2025,65,8883.41,90.48,149.38,South,Mid-Market
5/30/2025,CUST_D,INV-6983,7291.44,30,8/31/2025,63,6872.11,103.79,315.54,East,Mid-Market
5/30/2025,CUST_A,INV-6202,15595.13,45,7/13/2025,-1,14171.52,1423.61,0,South,Mid-Market
5/30/2025,CUST_B,INV-6419,21580.07,30,6/28/2025,-1,18365.16,3214.91,0,North,Enterprise
5/30/2025,CUST_D,INV-6735,15763.07,60,9/25/2025,58,13108.47,2388.2,266.4,North,Mid-Market
5/30/2025,CUST_D,INV-6896,11674.01,60,9/26/2025,59,11383.05,200.41,90.55,North,Mid-Market
5/30/2025,CUST_A,INV-6965,21141.28,45,7/13/2025,-1,17352.02,3789.26,0,South,Enterprise
5/30/2025,CUST_A,INV-6045,9983.89,60,7/28/2025,-1,8192.85,1695.11,95.93,East,Enterprise
5/31/2025,CUST_D,INV-6136,9074.18,30,8/24/2025,55,7778.74,850.5,444.94,East,SME
5/31/2025,CUST_B,INV-6326,6530.08,30,6/28/2025,-2,5514.49,1015.59,0,East,Mid-Market
5/31/2025,CUST_A,INV-6891,12663.64,45,7/13/2025,-2,11413.33,1250.31,0,West,Enterprise
5/31/2025,CUST_E,INV-6653,24733.24,60,8/29/2025,30,23607.24,1126,0,West,Enterprise
5/31/2025,CUST_A,INV-6315,5296.64,30,6/30/2025,0,4593.11,703.53,0,East,Mid-Market
5/31/2025,CUST_C,INV-6558,10942.32,60,8/23/2025,24,10415.95,465.86,60.51,East,Mid-Market
5/31/2025,CUST_D,INV-6167,15851.26,60,9/30/2025,62,13150.19,2701.07,0,East,SME
6/1/2025,CUST_D,INV-6844,15046.23,60,10/3/2025,64,12587.03,2112.18,347.02,North,Enterprise
6/1/2025,CUST_C,INV-6840,17271.13,30,7/16/2025,15,14804.41,2466.72,0,West,Enterprise
6/1/2025,CUST_C,INV-6832,5306.88,60,8/28/2025,28,4518.55,454.71,333.62,North,Mid-Market
6/1/2025,CUST_A,INV-6368,14197.89,60,8/1/2025,1,12361.56,1836.33,0,South,Mid-Market
6/1/2025,CUST_D,INV-6426,7186.4,30,9/2/2025,63,5981.08,1205.32,0,South,Enterprise
6/1/2025,CUST_D,INV-6096,11758.21,30,9/2/2025,63,10077.09,1534.94,146.18,West,Enterprise
6/1/2025,CUST_C,INV-6812,20945.55,45,8/5/2025,20,19113.44,1832.11,0,West,SME
6/1/2025,CUST_E,INV-6023,23155.68,60,8/26/2025,26,22349.44,806.24,0,East,SME
6/1/2025,CUST_B,INV-6845,12771.43,30,6/29/2025,-2,11823.37,948.06,0,West,Mid-Market
6/2/2025,CUST_C,INV-6479,14840.14,60,8/31/2025,30,12119.6,2720.54,0,West,Mid-Market
6/2/2025,CUST_E,INV-6737,21511.32,60,8/1/2025,0,19049.11,2462.21,0,South,SME
6/2/2025,CUST_E,INV-6851,10566.8,45,8/11/2025,25,8788.51,1778.29,0,West,SME
6/3/2025,CUST_C,INV-6915,5851.29,60,8/17/2025,15,4769.59,621.97,459.73,North,Enterprise
6/3/2025,CUST_E,INV-6293,22553.4,45,8/17/2025,30,20296.99,2002.97,253.44,North,SME
6/3/2025,CUST_D,INV-6544,5781.35,30,8/27/2025,55,5215.56,383.36,182.43,West,Mid-Market
6/3/2025,CUST_D,INV-6885,13696.82,45,9/15/2025,59,13144.41,552.41,0,East,SME
6/3/2025,CUST_E,INV-6248,12691.57,60,8/1/2025,-1,12144.67,546.9,0,West,SME
6/3/2025,CUST_A,INV-6418,23283.21,30,7/1/2025,-2,22528.8,400.4,354.01,South,Enterprise
6/3/2025,CUST_E,INV-6378,19257.13,45,8/12/2025,25,17082.76,2174.37,0,North,SME
6/4/2025,CUST_B,INV-6157,16808.23,30,7/6/2025,2,14788.43,2019.8,0,South,Enterprise
6/4/2025,CUST_C,INV-6962,11630.6,60,8/30/2025,27,10745.54,885.06,0,West,Mid-Market
6/4/2025,CUST_B,INV-6095,6422.44,60,8/6/2025,3,6111.08,67.81,243.55,East,Enterprise
6/4/2025,CUST_C,INV-6081,16685.26,45,8/13/2025,25,13862.07,2823.19,0,South,Enterprise
6/4/2025,CUST_C,INV-6132,6695.57,30,7/27/2025,23,5735.25,960.32,0,East,Enterprise
6/4/2025,CUST_D,INV-6677,19136.26,45,9/15/2025,58,17671.17,1465.09,0,South,Enterprise
6/5/2025,CUST_C,INV-6985,16081.71,30,7/23/2025,18,15044.69,1037.02,0,East,Enterprise
6/5/2025,CUST_A,INV-6372,10918.35,60,8/1/2025,-3,10217.62,562.9,137.83,West,Mid-Market
6/5/2025,CUST_B,INV-6922,7904.22,30,7/5/2025,0,6744.72,1149.88,9.62,West,Enterprise
6/5/2025,CUST_C,INV-6882,7250.87,60,8/21/2025,17,6003.06,1247.81,0,West,Enterprise
6/6/2025,CUST_E,INV-6929,13417.65,45,8/12/2025,22,11039.92,1878.55,499.18,South,SME
6/6/2025,CUST_B,INV-6760,18527.34,60,8/4/2025,-1,15339.75,3178.5,9.09,West,SME
6/6/2025,CUST_B,INV-6860,13835,60,8/4/2025,-1,12899.12,810.64,125.24,South,Mid-Market
6/6/2025,CUST_C,INV-6385,24348.87,60,9/3/2025,29,24225.89,82.25,40.73,North,SME
6/6/2025,CUST_D,INV-6517,9997.54,30,9/5/2025,61,9475.41,522.13,0,South,Mid-Market
6/7/2025,CUST_C,INV-6333,22484.2,45,8/15/2025,24,22206.8,0,421.54,East,SME
6/7/2025,CUST_A,INV-6756,19474.36,30,7/4/2025,-3,16634.12,2840.24,0,East,Mid-Market
6/7/2025,CUST_D,INV-6252,16061.2,45,9/25/2025,65,15452.42,181.85,426.93,South,SME
6/7/2025,CUST_B,INV-6394,24596.29,60,8/8/2025,2,23292.77,1303.52,0,East,SME
6/8/2025,CUST_B,INV-6767,5634.82,30,7/7/2025,-1,4758.4,389.12,487.3,North,Mid-Market
6/8/2025,CUST_C,INV-6339,20735.6,60,8/25/2025,18,16986.32,3568.64,180.64,South,SME
6/8/2025,CUST_B,INV-6957,18764.06,60,8/9/2025,2,15856.15,2616.08,291.83,South,SME
6/8/2025,CUST_E,INV-6421,19257.5,30,7/4/2025,-4,18120.3,1137.2,0,South,Mid-Market
6/8/2025,CUST_A,INV-6000,7105.59,45,7/25/2025,2,5747.17,968.66,389.76,South,Enterprise
6/8/2025,CUST_B,INV-6053,9498.71,30,7/7/2025,-1,9322.79,0,249.18,North,SME
6/8/2025,CUST_D,INV-6205,14307.56,30,9/6/2025,60,11880.07,2320.24,107.25,North,SME
6/9/2025,CUST_C,INV-6505,17024.51,60,8/30/2025,22,14198.3,2826.21,0,North,SME
6/9/2025,CUST_A,INV-6091,11718.78,60,8/8/2025,0,11628.57,90.21,0,North,Enterprise
6/9/2025,CUST_D,INV-6550,8267.71,30,9/12/2025,65,6747.66,1183.62,336.43,South,SME
6/10/2025,CUST_C,INV-6753,16799.73,45,8/9/2025,15,13989.47,2611.92,198.34,North,Enterprise
6/10/2025,CUST_B,INV-6483,7197.02,30,7/13/2025,3,6001.5,1195.52,0,West,SME
6/10/2025,CUST_C,INV-6211,5376.64,60,8/28/2025,19,4694.8,370.06,311.78,North,SME
6/10/2025,CUST_C,INV-6082,20768.15,30,7/30/2025,20,20596.43,125.84,45.88,North,Enterprise
6/10/2025,CUST_D,INV-6077,13690.02,30,9/11/2025,63,12087.03,1602.99,0,West,Enterprise
6/10/2025,CUST_E,INV-6154,19106.76,30,7/15/2025,5,18554.76,278.09,273.91,South,Enterprise
6/11/2025,CUST_E,INV-6168,13526.97,45,7/22/2025,-4,12028.69,1416.55,81.73,East,Mid-Market
6/11/2025,CUST_E,INV-6493,24236.88,45,7/28/2025,2,22786.85,1360.91,89.12,North,Enterprise
6/11/2025,CUST_C,INV-6122,24663.19,45,8/22/2025,27,21704.43,2958.76,0,West,SME
6/12/2025,CUST_A,INV-6485,23972.68,30,7/13/2025,1,19214.6,4758.08,0,South,SME
6/12/2025,CUST_A,INV-6897,13598.96,45,7/28/2025,1,13343.75,255.21,0,North,SME
6/12/2025,CUST_C,INV-6242,17855.66,30,7/30/2025,18,15884.33,1971.33,0,North,Enterprise
6/13/2025,CUST_A,INV-6557,20958.46,30,7/12/2025,-1,18547.98,2092.05,318.43,North,Enterprise
6/13/2025,CUST_E,INV-6580,23053.03,45,8/9/2025,12,21744.72,1308.31,0,North,SME
6/14/2025,CUST_A,INV-6619,10399.46,60,8/11/2025,-2,8738.59,1429.43,231.44,East,Mid-Market
6/14/2025,CUST_D,INV-6392,21426.25,30,9/16/2025,64,19590.89,1835.36,0,South,SME
6/14/2025,CUST_A,INV-6794,10698.59,30,7/16/2025,2,9435.03,1263.56,0,South,SME
6/14/2025,CUST_C,INV-6013,13311.19,60,9/9/2025,27,12075.45,1235.74,0,North,SME
6/14/2025,CUST_C,INV-6097,11900.27,30,8/13/2025,30,9821.98,1872.71,205.58,East,Mid-Market
6/14/2025,CUST_A,INV-6224,22538.66,30,7/16/2025,2,18524.51,3607.33,406.82,North,Mid-Market
6/14/2025,CUST_E,INV-6867,24657.95,45,7/25/2025,-4,24016.17,641.78,0,North,Enterprise
6/15/2025,CUST_B,INV-6640,15218.97,45,7/31/2025,1,13070.71,1757.56,390.7,North,Enterprise
6/15/2025,CUST_E,INV-6375,14351.44,60,9/10/2025,27,14013.86,337.58,0,East,SME
6/15/2025,CUST_C,INV-6298,23124.49,45,8/15/2025,16,18943.69,4180.8,0,North,SME
6/15/2025,CUST_D,INV-6251,10678.82,30,9/10/2025,57,10653.51,0,366.56,South,Enterprise
6/15/2025,CUST_C,INV-6492,11840.9,45,8/16/2025,17,10289.74,1551.16,0,West,Enterprise
6/15/2025,CUST_C,INV-6865,7851.05,30,8/10/2025,26,7209.35,167.15,474.55,East,SME
6/16/2025,CUST_B,INV-6747,24086.72,30,7/16/2025,0,22924.44,939.25,223.03,South,Enterprise
6/16/2025,CUST_B,INV-6422,13323.44,60,8/18/2025,3,12367.07,956.37,0,North,SME
6/16/2025,CUST_E,INV-6741,17188.11,30,7/30/2025,14,16039.11,960.9,188.1,South,Mid-Market
6/16/2025,CUST_D,INV-6982,14730.68,60,10/13/2025,59,14599.06,131.62,0,North,SME
6/16/2025,CUST_A,INV-6183,12954.52,30,7/15/2025,-1,10685.01,2269.51,0,North,Enterprise
6/16/2025,CUST_C,INV-6234,22162.01,45,8/25/2025,25,21102.62,668.48,390.91,East,Mid-Market
6/17/2025,CUST_B,INV-6551,21125.31,45,8/2/2025,1,19120.33,2004.98,0,East,SME
6/17/2025,CUST_D,INV-6204,16087.79,60,10/15/2025,60,13307.16,2780.63,0,East,Mid-Market
6/17/2025,CUST_E,INV-6384,13994.45,30,8/15/2025,29,11874.11,2056.46,63.88,North,SME
6/18/2025,CUST_B,INV-6036,9660.88,30,7/16/2025,-2,8837.47,781.79,41.62,South,Mid-Market
6/18/2025,CUST_E,INV-6180,11680.49,45,8/20/2025,18,11274.75,405.74,0,East,Enterprise
6/18/2025,CUST_B,INV-6745,19721.73,45,8/4/2025,2,18504.29,1217.44,0,East,SME
6/18/2025,CUST_A,INV-6434,18125.1,45,8/3/2025,1,14972.34,3017.9,134.86,North,SME
6/19/2025,CUST_E,INV-6185,14905.03,45,8/10/2025,7,14402.09,502.94,0,East,Mid-Market
6/19/2025,CUST_B,INV-6226,6881.39,60,8/16/2025,-2,6626.5,0,449.62,South,Mid-Market
6/19/2025,CUST_D,INV-6441,24398.98,45,10/5/2025,63,22233.13,2165.85,0,East,SME
6/19/2025,CUST_D,INV-6177,9831.61,30,9/12/2025,55,9073.91,283.75,473.95,West,SME
6/19/2025,CUST_C,INV-6571,16697.18,30,8/15/2025,27,16557.23,139.95,0,North,Enterprise
6/19/2025,CUST_D,INV-6272,21062.85,30,9/13/2025,56,20214.39,848.46,0,South,SME
6/20/2025,CUST_A,INV-6310,21852.54,60,8/16/2025,-3,18947.42,2905.12,0,North,Enterprise
6/20/2025,CUST_C,INV-6437,23030.87,30,8/12/2025,23,21517.11,1513.76,0,North,Enterprise
6/20/2025,CUST_D,INV-6396,17057.04,60,10/21/2025,63,15582.9,1474.14,0,South,SME
6/20/2025,CUST_E,INV-6218,17097.71,60,9/1/2025,13,13970.77,3126.94,0,East,SME
6/20/2025,CUST_E,INV-6776,15876.19,60,8/17/2025,-2,15150.05,716.9,9.24,North,Enterprise
6/20/2025,CUST_B,INV-6601,23155.76,60,8/19/2025,0,20832.41,1945.42,377.93,South,Mid-Market
6/21/2025,CUST_A,INV-6063,21174.5,45,8/5/2025,0,17301.13,3873.37,0,West,Mid-Market
6/21/2025,CUST_C,INV-6689,22557.96,45,8/30/2025,25,20138.94,2411.11,7.91,West,Enterprise
6/21/2025,CUST_A,INV-6532,21898.54,30,7/19/2025,-2,20116.34,1782.2,0,West,Enterprise
6/21/2025,CUST_E,INV-6795,15629.96,30,7/26/2025,5,14151.48,1478.48,0,South,Enterprise
6/22/2025,CUST_C,INV-6346,8598.71,60,9/5/2025,15,7871,727.71,0,South,Enterprise
6/22/2025,CUST_C,INV-6420,17354.37,30,8/11/2025,20,16449.26,905.11,0,East,Enterprise
6/22/2025,CUST_C,INV-6076,14022.22,60,9/10/2025,20,13900.82,0,321.34,East,SME
6/23/2025,CUST_C,INV-6170,10037.61,60,9/12/2025,21,8134.12,1903.49,0,South,Mid-Market
6/23/2025,CUST_E,INV-6407,8125.1,45,8/11/2025,4,7252.84,872.26,0,West,SME
6/23/2025,CUST_E,INV-6048,12805.45,45,8/11/2025,4,11708.48,1096.97,0,East,Mid-Market
6/23/2025,CUST_D,INV-6043,7779.72,60,10/23/2025,62,7399.76,140.87,239.09,South,Mid-Market
6/24/2025,CUST_D,INV-6219,9762.62,45,10/3/2025,56,8495.75,1266.87,0,South,SME
6/24/2025,CUST_B,INV-6425,10854.37,30,7/22/2025,-2,9284.27,1570.1,0,North,Enterprise
6/25/2025,CUST_A,INV-6685,22890.39,45,8/8/2025,-1,19099.83,3790.56,0,North,Mid-Market
6/25/2025,CUST_C,INV-6143,23961.17,30,8/23/2025,29,20515.18,3050.15,395.84,South,Enterprise
6/25/2025,CUST_A,INV-6227,5785.27,30,7/24/2025,-1,4762.1,808.3,214.87,East,Enterprise
6/25/2025,CUST_B,INV-6639,19916.5,45,8/12/2025,3,17152.43,2673.26,90.81,North,Enterprise
6/25/2025,CUST_D,INV-6695,23166.79,30,9/25/2025,62,22668.87,497.92,0,North,Enterprise
6/25/2025,CUST_B,INV-6235,11450.9,60,8/27/2025,3,11220.09,230.81,0,East,Enterprise
6/26/2025,CUST_B,INV-6703,5167.56,45,8/11/2025,1,4291.05,876.51,0,North,Mid-Market
6/26/2025,CUST_A,INV-6470,11324.57,60,8/26/2025,1,9322.15,2002.42,0,North,Enterprise
6/26/2025,CUST_B,INV-6857,8908.96,60,8/27/2025,2,8686.47,222.49,0,East,SME
6/26/2025,CUST_E,INV-6147,12535.53,30,8/25/2025,30,11416.74,996.03,122.76,South,SME
6/26/2025,CUST_A,INV-6589,9333.48,60,8/26/2025,1,9229.57,0,227.61,South,SME
6/26/2025,CUST_C,INV-6265,17509.4,30,8/21/2025,26,14770.33,2739.07,0,West,Mid-Market
6/26/2025,CUST_E,INV-6287,6386.24,60,9/14/2025,20,5124.18,1262.06,0,West,Enterprise
6/27/2025,CUST_C,INV-6986,11638.01,45,9/9/2025,29,9312.87,2206.08,119.06,West,SME
6/27/2025,CUST_E,INV-6935,9157.94,30,8/2/2025,6,8598.74,200.55,358.65,South,SME
6/27/2025,CUST_C,INV-6621,12051.39,30,8/24/2025,28,11858.63,192.76,0,West,Mid-Market
6/27/2025,CUST_E,INV-6539,7500.7,60,9/20/2025,25,6137.06,1338.01,25.63,East,Mid-Market
6/28/2025,CUST_B,INV-6007,21016.8,30,7/27/2025,-1,16963.37,4053.43,0,North,Enterprise
6/28/2025,CUST_C,INV-6868,22925.1,30,8/15/2025,18,22022.23,902.87,0,West,SME
6/28/2025,CUST_E,INV-6624,15149.09,30,7/31/2025,3,13617.44,1473.52,58.13,North,Mid-Market
6/28/2025,CUST_B,INV-6583,10876.77,60,8/26/2025,-1,8847.61,2029.16,0,West,SME
6/29/2025,CUST_D,INV-6714,21448.59,30,9/23/2025,56,18224.83,3068.14,155.62,South,SME
6/29/2025,CUST_C,INV-6758,22409.78,30,8/14/2025,16,21085.45,1324.33,0,South,Enterprise
6/29/2025,CUST_B,INV-6533,20351.48,30,7/30/2025,1,16795.53,3555.95,0,South,Enterprise
6/29/2025,CUST_A,INV-6003,9789.94,30,7/28/2025,-1,8978.68,430.06,381.2,South,Mid-Market
6/29/2025,CUST_A,INV-6151,5932.09,45,8/12/2025,-1,5429.17,502.92,0,East,SME
6/29/2025,CUST_E,INV-6680,7729.76,60,9/6/2025,9,7248.22,481.54,0,North,SME
6/29/2025,CUST_C,INV-6746,20674.26,30,8/20/2025,22,18343.04,2282.13,49.09,West,Mid-Market
6/30/2025,CUST_E,INV-6816,14636.89,45,9/13/2025,30,12083.55,2553.34,0,East,Enterprise
6/30/2025,CUST_B,INV-6312,20016.63,30,8/2/2025,3,17549.38,2438.43,28.82,West,Enterprise
6/30/2025,CUST_D,INV-6841,12358.21,45,10/14/2025,61,10021.87,2336.34,0,North,Mid-Market
6/30/2025,CUST_E,INV-6906,9512.37,60,9/6/2025,8,8482,1030.37,0,East,Mid-Market
6/30/2025,CUST_A,INV-6923,22754.76,45,8/12/2025,-2,18259.68,4495.08,0,North,Enterprise
7/1/2025,CUST_C,INV-6839,13656.33,60,9/17/2025,18,11629.47,1562.23,464.63,West,SME
7/1/2025,CUST_A,INV-6920,12753.1,60,8/30/2025,0,11251.14,1006.9,495.06,North,SME
7/1/2025,CUST_A,INV-6690,13984.93,45,8/12/2025,-3,13042.11,942.82,0,North,Enterprise
7/1/2025,CUST_C,INV-6606,16101,30,8/24/2025,24,15368.2,732.8,0,South,Enterprise
7/1/2025,CUST_D,INV-6892,7037.65,30,9/25/2025,56,6891.28,146.37,0,East,Mid-Market
7/1/2025,CUST_C,INV-6028,21046.75,45,9/11/2025,27,20458.18,399.41,189.16,West,Mid-Market
7/1/2025,CUST_A,INV-6723,14813.22,45,8/15/2025,0,12323.24,2298.93,191.05,North,Enterprise
7/1/2025,CUST_D,INV-6268,18757.6,30,9/30/2025,61,16535.55,1846.39,375.66,North,SME
7/1/2025,CUST_C,INV-6784,9362.46,30,8/15/2025,15,8990.93,371.53,0,East,Mid-Market
7/2/2025,CUST_D,INV-6738,10258.15,45,10/18/2025,63,8977.69,843.68,436.78,West,Enterprise
7/2/2025,CUST_C,INV-6059,11247.84,45,9/10/2025,25,10445.58,802.26,0,North,Enterprise
7/2/2025,CUST_B,INV-6431,5698.15,45,8/18/2025,2,5218.89,479.26,0,South,Enterprise
7/2/2025,CUST_D,INV-6271,18719.82,45,10/14/2025,59,18237.36,161.59,320.87,North,Enterprise
7/2/2025,CUST_C,INV-6642,24872.67,60,9/30/2025,30,21857.79,3014.88,0,West,Enterprise
7/2/2025,CUST_A,INV-6810,5714.98,60,8/30/2025,-1,4840.66,874.32,0,West,Enterprise
7/2/2025,CUST_E,INV-6593,18698.14,60,8/28/2025,-3,17043.39,1654.75,0,West,Enterprise
7/3/2025,CUST_B,INV-6263,14648.37,60,9/2/2025,1,11895.36,2753.01,0,South,Mid-Market
7/3/2025,CUST_D,INV-6129,15938.64,30,10/1/2025,60,15613.13,308.66,16.85,North,Mid-Market
7/3/2025,CUST_A,INV-6256,19413.46,60,9/3/2025,2,18189.59,908.9,314.97,East,Enterprise
7/3/2025,CUST_B,INV-6113,17367.88,45,8/15/2025,-2,17093.99,273.89,0,West,SME
7/4/2025,CUST_A,INV-6194,7209.31,45,8/16/2025,-2,6725.8,26.12,457.39,West,Enterprise
7/4/2025,CUST_D,INV-6876,17157.62,60,11/1/2025,60,16400.66,756.96,0,East,Mid-Market
7/5/2025,CUST_D,INV-6482,5032.81,45,10/18/2025,60,4932.92,99.89,0,East,Mid-Market
7/5/2025,CUST_E,INV-6390,9033.44,30,8/27/2025,23,7427.38,1114.77,491.29,South,Enterprise
7/5/2025,CUST_C,INV-6216,21423.49,60,10/3/2025,30,21368.57,54.92,0,West,Enterprise
7/5/2025,CUST_E,INV-6912,12979.19,30,8/19/2025,15,10714.7,2264.49,0,North,Mid-Market
7/5/2025,CUST_A,INV-6008,24774.38,30,8/6/2025,2,23970.22,803.97,0.19,East,Enterprise
7/5/2025,CUST_D,INV-6153,19617.85,60,11/6/2025,64,17112.67,2129.35,375.83,West,Mid-Market
7/6/2025,CUST_C,INV-6469,23293.65,45,9/9/2025,20,19448.7,3844.95,0,East,Enterprise
7/6/2025,CUST_B,INV-6660,16642.01,30,8/6/2025,1,14183.47,2086.72,371.82,North,SME
7/6/2025,CUST_C,INV-6397,10821.83,30,8/29/2025,24,10474,135.31,212.52,North,Mid-Market
7/7/2025,CUST_B,INV-6199,24284.66,45,8/22/2025,1,23492.61,573.44,218.61,North,Enterprise
7/7/2025,CUST_D,INV-6462,5892.28,45,10/21/2025,61,5207.38,602.56,82.34,East,Mid-Market
7/7/2025,CUST_C,INV-6782,13236.32,45,9/14/2025,24,11120.69,2042.5,73.13,West,SME
7/7/2025,CUST_A,INV-6706,18014.11,30,8/6/2025,0,14671.89,3342.22,0,South,Enterprise
7/7/2025,CUST_C,INV-6590,11778.14,60,9/27/2025,22,10315.37,1087.17,375.6,South,Mid-Market
7/8/2025,CUST_C,INV-6626,18824.09,45,9/11/2025,20,17200.53,1623.56,0,West,Mid-Market
7/8/2025,CUST_A,INV-6757,20332.2,45,8/19/2025,-3,19218.24,1113.96,0,West,Mid-Market
7/8/2025,CUST_C,INV-6572,9107.34,45,9/6/2025,15,8523.77,583.57,0,East,Enterprise
7/8/2025,CUST_B,INV-6285,13789.6,60,9/6/2025,0,12460.33,1254.52,74.75,South,SME
7/8/2025,CUST_E,INV-6664,17036.13,45,9/21/2025,30,15369.97,1666.16,0,East,Enterprise
7/8/2025,CUST_C,INV-6875,24083.44,30,8/25/2025,18,23581.26,319.61,182.57,East,SME
7/8/2025,CUST_B,INV-6884,15002.59,45,8/25/2025,3,14087.23,609.53,305.83,East,Enterprise
7/8/2025,CUST_E,INV-6073,18096.36,60,9/27/2025,21,14732.24,3364.12,0,South,Enterprise
7/8/2025,CUST_E,INV-6899,13471.24,45,8/23/2025,1,11640.43,1830.81,0,South,Enterprise
7/8/2025,CUST_D,INV-6971,12888.47,30,10/9/2025,63,10513.83,2374.64,0,East,Enterprise
7/9/2025,CUST_A,INV-6212,21627.47,60,9/4/2025,-3,18507.62,3119.85,0,West,Mid-Market
7/9/2025,CUST_C,INV-6910,7673.76,30,8/27/2025,19,7076.19,597.57,0,North,Mid-Market
7/9/2025,CUST_A,INV-6328,14062.05,45,8/22/2025,-1,11838.75,2223.3,0,East,SME
7/9/2025,CUST_C,INV-6041,20719.71,45,9/21/2025,29,17936.38,2783.33,0,North,Enterprise
7/10/2025,CUST_B,INV-6480,20127.98,30,8/9/2025,0,19814.88,313.1,0,North,Enterprise
7/10/2025,CUST_A,INV-6365,23593.72,45,8/23/2025,-1,21181.74,2411.98,0,East,Enterprise
7/10/2025,CUST_C,INV-6610,6555.73,60,10/5/2025,27,6225.79,0,449.47,South,SME
7/11/2025,CUST_D,INV-6465,22250.61,30,10/9/2025,60,19519.55,2439.78,291.28,North,Enterprise
7/11/2025,CUST_B,INV-6818,18785.37,45,8/27/2025,2,17723.87,1061.5,0,West,SME
7/11/2025,CUST_C,INV-6890,5847.01,60,9/26/2025,17,5221,314.55,311.46,North,Mid-Market
7/11/2025,CUST_A,INV-6329,21806.87,45,8/23/2025,-2,18330.07,3246.2,230.6,South,SME
7/11/2025,CUST_E,INV-6032,6439.76,45,9/9/2025,15,5497.55,764.19,178.02,East,Enterprise
7/12/2025,CUST_B,INV-6072,21642.03,45,8/27/2025,1,20289.55,1137.4,215.08,West,Enterprise
7/12/2025,CUST_E,INV-6254,8315.95,30,8/7/2025,-4,8019.62,0,319.4,North,SME
7/12/2025,CUST_E,INV-6463,6519.61,60,9/5/2025,-5,5247.52,1255.79,16.3,East,SME
7/12/2025,CUST_A,INV-6374,20762.69,30,8/11/2025,0,17747.32,2523.22,492.15,South,SME
7/13/2025,CUST_C,INV-6752,8266.02,30,8/31/2025,19,7486.22,294.52,485.28,West,SME
7/13/2025,CUST_E,INV-6276,8945.5,30,8/25/2025,13,8709.98,235.52,0,South,Enterprise
7/13/2025,CUST_D,INV-6718,24605.3,45,10/27/2025,61,24384.99,220.31,0,South,Enterprise
7/13/2025,CUST_E,INV-6103,6802.57,45,8/24/2025,-3,5614.9,884.5,303.17,East,Mid-Market
7/14/2025,CUST_C,INV-6201,24083.16,60,9/30/2025,18,23875.02,0,253.27,North,SME
7/14/2025,CUST_B,INV-6489,23361.8,60,9/14/2025,2,21793.79,1106.31,461.7,South,Mid-Market
7/14/2025,CUST_D,INV-6350,10790.57,45,10/31/2025,64,8787.96,1675.63,326.98,South,Mid-Market
7/14/2025,CUST_A,INV-6552,16195.03,45,8/28/2025,0,15721.95,413.86,59.22,North,Enterprise
7/14/2025,CUST_E,INV-6939,10173.37,60,10/4/2025,22,8210.4,1962.97,0,North,SME
7/14/2025,CUST_B,INV-6461,7312,60,9/15/2025,3,6412.56,469.27,430.17,North,Mid-Market
7/14/2025,CUST_C,INV-6086,11342.55,45,9/18/2025,21,10880.53,50.52,411.5,North,Enterprise
7/15/2025,CUST_B,INV-6027,21304.97,45,8/27/2025,-2,17892.12,3249.29,163.56,South,Mid-Market
7/15/2025,CUST_D,INV-6725,8242.97,60,11/13/2025,61,7500.73,742.24,0,North,SME
7/15/2025,CUST_E,INV-6564,16318.19,60,9/26/2025,13,13523.04,2795.15,0,North,SME
7/15/2025,CUST_D,INV-6320,24686.71,45,10/26/2025,58,22533.33,2153.38,0,West,SME
7/15/2025,CUST_B,INV-6968,16558.92,60,9/11/2025,-2,15451.43,1107.49,0,North,Mid-Market
7/16/2025,CUST_A,INV-6802,18263.27,45,9/1/2025,2,15638.72,2624.55,0,East,Mid-Market
7/16/2025,CUST_D,INV-6889,8450.24,60,11/8/2025,55,7606.95,843.29,0,North,SME
7/16/2025,CUST_D,INV-6467,19382.43,30,10/19/2025,65,15562.7,3819.73,0,North,Enterprise
7/16/2025,CUST_E,INV-6046,14714.24,60,9/29/2025,15,14624.82,89.42,0,West,SME
7/17/2025,CUST_D,INV-6921,15544.4,30,10/17/2025,62,14280.27,1264.13,0,East,Mid-Market
7/17/2025,CUST_D,INV-6114,15896.99,60,11/12/2025,58,15888.69,0,336.98,North,Enterprise
7/17/2025,CUST_C,INV-6905,8147.94,60,10/7/2025,22,7897.07,0,286.83,East,Mid-Market
7/17/2025,CUST_B,INV-6964,8435.35,30,8/19/2025,3,7283.49,1151.86,0,South,SME
7/17/2025,CUST_B,INV-6659,6170.2,60,9/14/2025,-1,5491.03,334.93,344.24,North,Enterprise
7/17/2025,CUST_C,INV-6853,24161.46,30,9/14/2025,29,20928.45,3233.01,0,South,Enterprise
7/17/2025,CUST_A,INV-6244,15344.13,60,9/12/2025,-3,15025.87,236.73,81.53,North,SME
7/17/2025,CUST_B,INV-6495,13059.93,30,8/15/2025,-1,12764.58,295.35,0,East,Enterprise
7/17/2025,CUST_B,INV-6720,20213.34,45,8/31/2025,0,18134.89,2078.45,0,East,SME
7/17/2025,CUST_C,INV-6785,24996.98,45,9/27/2025,27,21324.43,3672.55,0,West,SME
7/17/2025,CUST_D,INV-6197,15444.68,45,11/1/2025,62,14053.34,1391.34,0,North,Enterprise
7/18/2025,CUST_D,INV-6239,19177.43,30,10/15/2025,59,17459.05,1718.38,0,West,Enterprise
7/18/2025,CUST_E,INV-6754,20902.25,30,8/25/2025,8,18270.27,2631.98,0,West,Enterprise
7/18/2025,CUST_B,INV-6195,15147.37,30,8/17/2025,0,12172.53,2579.89,394.95,West,SME
7/18/2025,CUST_D,INV-6512,6978.63,45,11/3/2025,63,6137.4,841.23,0,East,Enterprise
7/18/2025,CUST_A,INV-6017,15947.78,45,8/30/2025,-2,15365.53,582.25,0,East,Mid-Market
7/19/2025,CUST_D,INV-6995,10553.26,60,11/20/2025,64,8681.39,1398.36,473.51,East,SME
7/19/2025,CUST_B,INV-6133,20254.12,60,9/15/2025,-2,19687.25,566.87,0,East,Enterprise
7/19/2025,CUST_D,INV-6279,20594.15,30,10/22/2025,65,16983.33,3610.82,0,East,Mid-Market
7/20/2025,CUST_D,INV-6311,24658.67,45,11/6/2025,64,22454.53,2204.14,0,West,SME
7/20/2025,CUST_B,INV-6524,23061.13,60,9/21/2025,3,21937.52,1123.61,0,South,Mid-Market
7/20/2025,CUST_A,INV-6085,13007.17,45,9/4/2025,1,10902.82,1777.32,327.03,East,Mid-Market
7/20/2025,CUST_C,INV-6728,12386.09,30,9/13/2025,25,10695.61,1202.99,487.49,East,Enterprise
7/21/2025,CUST_C,INV-6301,9677.95,60,10/4/2025,15,8285.66,1226.33,165.96,West,Enterprise
7/21/2025,CUST_D,INV-6432,24687.42,60,11/21/2025,63,20738.1,3762.51,186.81,North,Mid-Market
7/21/2025,CUST_C,INV-6507,10063.99,45,9/19/2025,15,8189.48,1874.51,0,South,Enterprise
7/21/2025,CUST_A,INV-6907,24341.52,60,9/17/2025,-2,20336.75,4004.77,0,South,Enterprise
7/21/2025,CUST_E,INV-6649,24521.34,60,10/11/2025,22,19868.67,4469.78,182.89,West,Enterprise
7/21/2025,CUST_E,INV-6614,17744.46,30,9/7/2025,18,15940.32,1447.23,356.91,West,Mid-Market
7/22/2025,CUST_A,INV-6537,21723.15,60,9/19/2025,-1,20655.66,687.25,380.24,South,Mid-Market
7/22/2025,CUST_E,INV-6736,12690.52,45,9/5/2025,0,12054.8,476.58,159.14,East,Enterprise
7/22/2025,CUST_C,INV-6716,24246.77,45,9/23/2025,18,22694.76,1434.42,117.59,West,Enterprise
7/22/2025,CUST_D,INV-6641,10941.94,45,11/3/2025,59,9235.54,1706.4,0,West,SME
7/22/2025,CUST_B,INV-6348,21259.46,30,8/21/2025,0,17311.5,3784.03,163.93,East,SME
7/22/2025,CUST_C,INV-6188,15751.75,45,9/27/2025,22,12706.25,2755.76,289.74,West,Enterprise
7/22/2025,CUST_C,INV-6584,13069.02,30,9/16/2025,26,13056.21,0,75.14,West,Enterprise
7/22/2025,CUST_E,INV-6213,9237.87,30,9/11/2025,21,8445.29,597.29,195.29,West,Mid-Market
7/23/2025,CUST_E,INV-6015,6167.64,45,9/17/2025,11,5211.76,474.04,481.84,West,Mid-Market
7/23/2025,CUST_E,INV-6783,13075.53,30,9/13/2025,22,12002.54,979.96,93.03,West,Enterprise
7/23/2025,CUST_C,INV-6269,12178.34,60,10/7/2025,16,10709.18,1469.16,0,South,Enterprise
7/23/2025,CUST_D,INV-6367,14118.14,30,10/18/2025,57,13248.37,393,476.77,East,SME
7/23/2025,CUST_B,INV-6391,10097.86,45,9/4/2025,-2,9424.13,369.37,304.36,North,SME
7/23/2025,CUST_A,INV-6169,14456.74,30,8/24/2025,2,12690.89,1352.83,413.02,South,Enterprise
7/23/2025,CUST_B,INV-6790,10049.83,45,9/7/2025,1,8136.67,1728.91,184.25,West,SME
7/24/2025,CUST_E,INV-6002,18976.08,45,9/14/2025,7,16821.7,2154.38,0,North,SME
7/24/2025,CUST_C,INV-6456,11614.86,60,10/8/2025,16,10508.85,1043.35,62.66,East,Mid-Market
7/24/2025,CUST_C,INV-6223,9994.19,45,10/6/2025,29,8871.48,1034.51,88.2,West,Enterprise
7/24/2025,CUST_C,INV-6130,21575.1,45,10/2/2025,25,17778.94,3529.08,267.08,North,SME
7/24/2025,CUST_C,INV-6908,10551.55,30,9/20/2025,28,9481.21,1070.34,0,North,SME
7/24/2025,CUST_E,INV-6594,23100.29,30,8/29/2025,6,18920.59,4072.29,107.41,West,Mid-Market
7/24/2025,CUST_A,INV-6917,15744.98,30,8/21/2025,-2,14426.49,1048.18,270.31,East,Enterprise
7/24/2025,CUST_A,INV-6850,19884.43,45,9/7/2025,0,17622.02,2262.41,0,South,Enterprise
7/25/2025,CUST_D,INV-6451,17049.21,60,11/18/2025,56,15855.9,924.92,268.39,East,Enterprise
7/25/2025,CUST_E,INV-6862,5763.3,45,10/7/2025,29,4988.41,396.24,378.65,North,Mid-Market
7/25/2025,CUST_E,INV-6634,6605.12,30,8/23/2025,-1,6328.95,276.17,0,West,Enterprise
7/25/2025,CUST_A,INV-6838,18595.35,60,9/25/2025,2,17372.2,1223.15,0,East,Enterprise
7/25/2025,CUST_D,INV-6280,22810.33,45,11/5/2025,58,19736.84,2620.76,452.73,North,Mid-Market
7/26/2025,CUST_B,INV-6651,9134.9,45,9/8/2025,-1,8692.51,337.62,104.77,East,SME
7/26/2025,CUST_D,INV-6277,13643.6,30,10/27/2025,63,13473.21,170.39,0,East,Mid-Market
7/26/2025,CUST_A,INV-6849,19283.83,30,8/23/2025,-2,18355.73,670.26,257.84,North,Mid-Market
7/26/2025,CUST_E,INV-6604,21736.04,30,8/29/2025,4,18857.65,2767.92,110.47,West,Mid-Market
7/27/2025,CUST_D,INV-6031,7953.7,45,11/11/2025,62,7489.63,464.07,0,West,Mid-Market
7/27/2025,CUST_D,INV-6324,17531.68,30,10/22/2025,57,17235.81,295.87,0,North,Mid-Market
7/27/2025,CUST_B,INV-6567,9415.83,60,9/28/2025,3,8714.64,285.66,415.53,West,SME
7/27/2025,CUST_E,INV-6807,16747.95,45,9/23/2025,13,14295.99,2028.3,423.66,East,Mid-Market
7/27/2025,CUST_B,INV-6941,14195.62,30,8/25/2025,-1,12792.3,1403.32,0,North,Mid-Market
7/27/2025,CUST_D,INV-6595,16630.14,60,11/27/2025,63,15583.94,669.93,376.27,East,Mid-Market
7/28/2025,CUST_C,INV-6476,19981.99,30,9/23/2025,27,17662.27,2123.47,196.25,West,Mid-Market
7/28/2025,CUST_B,INV-6852,10382.43,45,9/13/2025,2,9251.7,1130.73,0,West,SME
7/28/2025,CUST_E,INV-6321,22392.91,30,8/22/2025,-5,18035.05,4116.32,241.54,West,Mid-Market
7/28/2025,CUST_B,INV-6930,16652.22,60,9/29/2025,3,15405.54,1246.68,0,West,SME
7/28/2025,CUST_E,INV-6936,24882.03,60,10/21/2025,25,22094.68,2787.35,0,West,Enterprise
7/28/2025,CUST_D,INV-6628,20522.52,45,11/9/2025,59,18155.05,2352.09,15.38,South,Mid-Market
7/28/2025,CUST_B,INV-6743,19082.96,30,8/29/2025,2,17158.11,1924.85,0,East,SME
7/28/2025,CUST_A,INV-6347,9397.92,45,9/10/2025,-1,8507.87,841.48,48.57,South,Enterprise
7/28/2025,CUST_E,INV-6186,7469.71,30,8/29/2025,2,6933.98,535.73,0,North,Enterprise
7/28/2025,CUST_C,INV-6340,21543.66,45,10/5/2025,24,19672.75,1815.14,55.77,East,Mid-Market
7/28/2025,CUST_E,INV-6740,13665.53,30,9/8/2025,12,12307.25,1223.89,134.39,East,SME
7/28/2025,CUST_B,INV-6446,17344.99,60,9/25/2025,-1,16279.38,1012.03,53.58,East,Mid-Market
7/28/2025,CUST_B,INV-6826,6347.91,60,9/26/2025,0,5146.47,1201.44,0,West,SME
7/28/2025,CUST_C,INV-6727,24876.21,45,10/10/2025,29,24609.86,266.35,0,West,SME
7/29/2025,CUST_D,INV-6778,24782.02,45,11/15/2025,64,22001.31,2394.16,386.55,South,Mid-Market
7/29/2025,CUST_B,INV-6773,7473.46,60,9/30/2025,3,7072.7,0,450.27,North,SME
7/29/2025,CUST_A,INV-6761,24655.72,30,8/30/2025,2,20569.39,3832.38,253.95,North,Mid-Market
7/29/2025,CUST_B,INV-6973,11106.54,45,9/10/2025,-2,9285.91,1465.22,355.41,North,SME
7/29/2025,CUST_B,INV-6417,22927.79,60,9/27/2025,0,21532.41,1395.38,0,North,Mid-Market
7/29/2025,CUST_A,INV-6171,20242.98,45,9/9/2025,-3,18341.69,1901.29,0,South,SME
7/29/2025,CUST_D,INV-6220,8512.83,45,11/15/2025,64,6820.88,1209.61,482.34,South,SME
7/30/2025,CUST_B,INV-6955,13730.19,60,9/29/2025,1,11350.16,2372.93,7.1,South,Mid-Market
7/30/2025,CUST_A,INV-6951,6935.86,60,9/30/2025,2,6664.16,26.58,245.12,North,Mid-Market
7/30/2025,CUST_C,INV-6658,19887.38,60,10/19/2025,21,16068.88,3540.51,277.99,North,Mid-Market
7/30/2025,CUST_C,INV-6138,7180.92,45,10/11/2025,28,6162.8,623.95,394.17,West,SME
7/30/2025,CUST_A,INV-6792,10827.83,45,9/10/2025,-3,10619.58,208.25,0,West,SME
7/30/2025,CUST_A,INV-6675,6184.27,30,8/28/2025,-1,5717.71,466.56,0,West,Mid-Market
7/31/2025,CUST_E,INV-6598,14884.37,30,9/24/2025,25,12881.64,1705.12,297.61,South,Mid-Market
7/31/2025,CUST_D,INV-6797,21478.93,45,11/9/2025,56,17233.24,4115.86,129.83,North,SME
7/31/2025,CUST_E,INV-6803,24366.18,45,9/24/2025,10,19944.18,4230.54,191.46,South,SME
7/31/2025,CUST_B,INV-6144,13387.96,45,9/17/2025,3,12677.33,405.82,304.81,North,SME
7/31/2025,CUST_C,INV-6486,24124.05,30,9/29/2025,30,20264.34,3859.71,0,West,Mid-Market
7/31/2025,CUST_D,INV-6932,13892.99,60,11/24/2025,56,12792.78,836.78,263.43,South,Enterprise
7/31/2025,CUST_A,INV-6296,19850.69,30,8/27/2025,-3,19264.36,586.33,0,West,Enterprise
7/31/2025,CUST_D,INV-6332,11146.89,60,12/3/2025,65,10892,227.39,27.5,North,Enterprise
8/1/2025,CUST_A,INV-6502,9744.75,60,9/30/2025,0,9174.13,554.26,16.36,West,Enterprise
8/1/2025,CUST_C,INV-6159,14414.73,30,9/28/2025,28,12636.16,1778.57,0,West,SME
8/1/2025,CUST_D,INV-6108,15784.17,30,10/31/2025,61,13758.08,2026.09,0,South,Mid-Market
8/1/2025,CUST_B,INV-6357,20441.68,30,9/2/2025,2,16943.46,3215.11,283.11,East,Mid-Market
8/2/2025,CUST_A,INV-6909,16775.42,60,10/3/2025,2,14510.38,2265.04,0,South,Mid-Market
8/2/2025,CUST_A,INV-6842,10204.71,45,9/13/2025,-3,9871.19,333.52,0,North,Enterprise
8/2/2025,CUST_E,INV-6549,9775.09,30,8/27/2025,-5,8838.52,936.57,0,East,Mid-Market
8/2/2025,CUST_B,INV-6536,12955.42,30,9/4/2025,3,12319.13,636.29,0,North,SME
8/2/2025,CUST_D,INV-6786,7661.41,45,11/14/2025,59,6786.89,408.98,465.54,North,Mid-Market
8/2/2025,CUST_C,INV-6630,24156.06,45,10/8/2025,22,20370.14,3785.92,0,East,Mid-Market
8/2/2025,CUST_C,INV-6822,22999.54,30,9/26/2025,25,19885.25,2750.35,363.94,East,SME
8/2/2025,CUST_D,INV-6597,20302.84,45,11/12/2025,57,18946.41,1356.43,0,West,SME
8/2/2025,CUST_A,INV-6966,13411.22,45,9/16/2025,0,12044.97,999.33,366.92,North,Enterprise
8/2/2025,CUST_C,INV-6209,13929.63,60,10/17/2025,16,13197.46,732.17,0,East,Mid-Market
8/3/2025,CUST_D,INV-6969,23599.67,60,11/27/2025,56,19053.88,4144.87,400.92,West,Mid-Market
8/3/2025,CUST_A,INV-6734,9474.11,30,8/31/2025,-2,7724.12,1468.23,281.76,West,SME
8/3/2025,CUST_C,INV-6371,20669.51,45,10/6/2025,19,19671.53,997.98,0,East,Mid-Market
8/3/2025,CUST_D,INV-6345,19054.35,45,11/21/2025,65,15550.3,3110.37,393.68,South,Mid-Market
8/3/2025,CUST_E,INV-6488,13000.49,60,10/30/2025,28,12303.57,696.92,0,West,SME
8/3/2025,CUST_B,INV-6739,13616.1,45,9/18/2025,1,12226.25,1137.6,252.25,North,Mid-Market
8/3/2025,CUST_E,INV-6531,11998.95,30,9/24/2025,22,11078.86,920.09,0,West,SME
8/4/2025,CUST_B,INV-6586,18709.31,30,9/6/2025,3,16156.56,2365.38,187.37,North,Enterprise
8/4/2025,CUST_D,INV-6877,10504.3,45,11/17/2025,60,9090.61,1413.69,0,West,Mid-Market
8/4/2025,CUST_B,INV-6361,11648.08,60,10/5/2025,2,10444.31,1110.05,93.72,West,Mid-Market
8/5/2025,CUST_A,INV-6888,11963.42,45,9/16/2025,-3,10189.72,1773.7,0,East,Mid-Market
8/5/2025,CUST_D,INV-6526,16707.92,60,11/29/2025,56,14866.12,1841.8,0,West,Enterprise
8/6/2025,CUST_D,INV-6886,7231.07,45,11/15/2025,56,6474.03,258.48,498.56,West,Mid-Market
8/6/2025,CUST_A,INV-6791,14588.8,30,9/6/2025,1,14365.4,102.02,121.38,North,Mid-Market
8/6/2025,CUST_D,INV-6724,23572.67,45,11/22/2025,63,20038.71,3137.37,396.59,East,SME
8/6/2025,CUST_A,INV-6308,7707.6,60,10/5/2025,0,7656.25,0,194.81,North,SME
8/6/2025,CUST_E,INV-6988,10017.72,45,9/17/2025,-3,9108.94,908.78,0,South,Mid-Market
8/6/2025,CUST_B,INV-6376,16837.81,60,10/8/2025,3,15169.49,1589.75,78.57,South,Mid-Market
8/6/2025,CUST_C,INV-6289,22073.29,30,9/30/2025,25,18271.16,3597.45,204.68,East,Mid-Market
8/6/2025,CUST_D,INV-6281,17106.49,45,11/24/2025,65,15279.7,1648.76,178.03,West,Mid-Market
8/6/2025,CUST_C,INV-6928,24989.53,60,11/3/2025,29,22956.95,1878.33,154.25,West,Mid-Market
8/6/2025,CUST_D,INV-6104,17490.09,45,11/24/2025,65,15240.85,1945.65,303.59,North,Mid-Market
8/7/2025,CUST_C,INV-6605,20093.02,45,10/17/2025,26,17300.25,2792.77,0,East,SME
8/7/2025,CUST_A,INV-6030,19972.76,30,9/4/2025,-2,17004.93,2967.83,0,North,Enterprise
8/7/2025,CUST_D,INV-6997,7833.73,60,12/4/2025,59,6637.79,1195.94,0,West,Enterprise
8/8/2025,CUST_B,INV-6903,16281.54,60,10/6/2025,-1,15023.81,1257.73,0,West,Enterprise
8/8/2025,CUST_E,INV-6455,24858.23,45,10/13/2025,21,24523.73,334.5,0,North,Mid-Market
8/8/2025,CUST_D,INV-6282,20249.32,60,12/4/2025,58,19363.86,885.46,0,East,Mid-Market
8/8/2025,CUST_B,INV-6233,16492.21,45,9/20/2025,-2,13666.85,2583.88,241.48,East,Enterprise
8/9/2025,CUST_D,INV-6050,24205.77,45,11/27/2025,65,22087.07,1905.71,212.99,North,Enterprise
8/9/2025,CUST_B,INV-6650,18411.92,30,9/11/2025,3,16860.12,1515.17,36.63,West,Enterprise
8/9/2025,CUST_B,INV-6763,17691.81,30,9/10/2025,2,16056.21,1188.23,447.37,West,Mid-Market
8/9/2025,CUST_E,INV-6828,15152.98,45,10/7/2025,14,12249.91,2903.07,0,South,SME
8/10/2025,CUST_D,INV-6655,21749.76,60,12/6/2025,58,17846.16,3790.42,113.18,South,Mid-Market
8/10/2025,CUST_E,INV-6616,11644.85,30,9/24/2025,15,9996.99,1333.6,314.26,South,SME
8/10/2025,CUST_B,INV-6809,15056.9,30,9/11/2025,2,12468.91,2200.44,387.55,West,Enterprise
8/10/2025,CUST_A,INV-6684,9310.16,45,9/23/2025,-1,8065.97,1244.19,0,South,Mid-Market
8/10/2025,CUST_C,INV-6804,8071.94,45,10/19/2025,25,6457.6,1614.34,0,South,Mid-Market
8/11/2025,CUST_A,INV-6232,5175.99,30,9/9/2025,-1,4697.68,279.06,199.25,South,Enterprise
8/11/2025,CUST_E,INV-6014,14783.07,30,9/26/2025,16,13528.4,929.41,325.26,West,SME
8/11/2025,CUST_E,INV-6698,8295.26,45,9/24/2025,-1,8015.68,0,371.54,South,Enterprise
8/11/2025,CUST_C,INV-6016,20028.28,30,9/26/2025,16,16128.97,3699.13,200.18,South,Enterprise
8/11/2025,CUST_E,INV-6413,23826.72,60,11/3/2025,24,23683.27,143.45,0,South,SME
8/11/2025,CUST_E,INV-6125,15558.69,45,10/16/2025,21,12923.98,2634.71,0,South,Mid-Market
8/11/2025,CUST_C,INV-6678,14031.26,45,10/20/2025,25,13163.46,681.91,185.89,South,SME
8/13/2025,CUST_A,INV-6490,22997.08,45,9/26/2025,-1,22491.85,505.23,0,East,SME
8/13/2025,CUST_E,INV-6669,6911.04,45,10/18/2025,21,6044.75,612.9,253.39,North,Mid-Market
8/13/2025,CUST_A,INV-6039,18462.41,45,9/24/2025,-3,18182.31,280.1,0,East,SME
8/14/2025,CUST_A,INV-6854,10950.57,30,9/12/2025,-1,10346.16,604.41,0,South,Enterprise
8/14/2025,CUST_D,INV-6430,14838.42,30,11/10/2025,58,12819.23,2019.19,0,West,Mid-Market
8/14/2025,CUST_C,INV-6976,10003.19,45,10/17/2025,19,9667.08,336.11,0,North,Enterprise
8/14/2025,CUST_D,INV-6510,14490.97,45,11/22/2025,55,12527.01,1901.34,62.62,West,Enterprise
8/14/2025,CUST_E,INV-6112,14835.17,60,10/18/2025,5,14005.27,335.91,493.99,South,SME
8/14/2025,CUST_B,INV-6566,23413.32,60,10/14/2025,1,21215.74,1973,224.58,West,SME
8/15/2025,CUST_D,INV-6117,11558.51,30,11/11/2025,58,10547.7,833.85,176.96,East,Mid-Market
8/15/2025,CUST_D,INV-6033,12276.98,45,11/28/2025,60,10109.74,2167.24,0,East,Mid-Market
8/15/2025,CUST_C,INV-6629,21445.36,60,11/12/2025,29,18638.43,2806.93,0,South,Mid-Market
8/15/2025,CUST_A,INV-6291,18666.5,45,9/30/2025,1,17637.35,707.72,321.43,North,Mid-Market
8/16/2025,CUST_D,INV-6380,5687.61,60,12/15/2025,61,5147.15,412.48,127.98,North,Mid-Market
8/16/2025,CUST_D,INV-6116,20437.58,60,12/12/2025,58,17567.58,2870,0,East,Enterprise
8/16/2025,CUST_C,INV-6052,11670.01,30,10/7/2025,22,10724.51,871.45,74.05,East,Enterprise
8/16/2025,CUST_B,INV-6530,5054.16,45,10/1/2025,1,4184.46,869.7,0,East,Mid-Market
8/16/2025,CUST_C,INV-6666,15501.15,30,10/13/2025,28,14581.26,919.89,0,North,SME
8/16/2025,CUST_D,INV-6034,11450.69,45,11/27/2025,58,9396.05,2054.64,0,South,Enterprise
8/16/2025,CUST_E,INV-6229,21804.44,60,11/2/2025,18,17758.28,4046.16,0,South,Enterprise
8/17/2025,CUST_E,INV-6895,12321.08,30,10/8/2025,22,11311.49,1009.59,0,East,Enterprise
8/17/2025,CUST_D,INV-6038,19700.76,45,12/2/2025,62,18763.15,713.34,224.27,West,SME
8/17/2025,CUST_C,INV-6602,11382.88,30,10/16/2025,30,9972.59,1299.98,110.31,West,Mid-Market
8/17/2025,CUST_A,INV-6075,5132.29,60,10/14/2025,-2,4298.74,833.55,0,North,Enterprise
8/17/2025,CUST_A,INV-6755,14703.4,60,10/17/2025,1,12973.23,1730.17,0,North,SME
8/17/2025,CUST_E,INV-6323,6376.22,30,9/14/2025,-2,5415.65,960.57,0,North,SME
8/17/2025,CUST_D,INV-6575,10384.63,30,11/10/2025,55,9558.49,826.14,0,South,SME
8/18/2025,CUST_E,INV-6423,17676.65,45,10/4/2025,2,14377.28,3236.35,63.02,West,Enterprise
8/18/2025,CUST_C,INV-6382,22923.45,60,11/5/2025,19,19873.66,3049.79,0,North,Enterprise
8/18/2025,CUST_C,INV-6156,14265.54,60,11/10/2025,24,13451.38,814.16,0,North,Mid-Market
8/18/2025,CUST_B,INV-6163,7640.34,45,10/3/2025,1,6135.34,1505,0,East,Enterprise
8/18/2025,CUST_C,INV-6599,12775.06,45,10/17/2025,15,12221.75,120.33,432.98,South,Enterprise
8/18/2025,CUST_D,INV-6025,24889.13,60,12/21/2025,65,23635.43,781.6,472.1,West,Mid-Market
8/18/2025,CUST_C,INV-6931,21620.13,30,10/11/2025,24,20103.37,1318.8,197.96,South,SME
8/19/2025,CUST_B,INV-6654,22460.11,60,10/18/2025,0,19080.54,3379.57,0,West,Enterprise
8/19/2025,CUST_E,INV-6836,14033.29,60,10/18/2025,0,12784.62,792.19,456.48,West,Enterprise
8/19/2025,CUST_D,INV-6240,6162.06,30,11/15/2025,58,5699.23,26.35,436.48,East,Mid-Market
8/19/2025,CUST_E,INV-6663,21205.83,60,11/1/2025,14,20977.65,228.18,0,South,Mid-Market
8/20/2025,CUST_A,INV-6996,6266.5,30,9/17/2025,-2,5040.35,1226.15,0,South,SME
8/20/2025,CUST_B,INV-6568,14614.56,60,10/18/2025,-1,12671.8,1462.34,480.42,West,Enterprise
8/20/2025,CUST_D,INV-6264,8816.23,30,11/17/2025,59,8416.22,269.78,130.23,East,Mid-Market
8/20/2025,CUST_A,INV-6615,21628.14,30,9/19/2025,0,20226.52,1401.62,0,North,Enterprise
8/21/2025,CUST_C,INV-6847,8447.88,45,10/24/2025,19,8231.68,88.65,127.55,South,SME
8/22/2025,CUST_E,INV-6805,12719.73,30,9/21/2025,0,12394.68,305.45,19.6,West,SME
8/22/2025,CUST_A,INV-6959,20465.84,30,9/22/2025,1,19747.5,452.19,266.15,North,SME
8/22/2025,CUST_D,INV-6762,23573.6,45,12/7/2025,62,20985.71,2324.67,263.22,North,Mid-Market
8/22/2025,CUST_D,INV-6358,23960.36,45,12/2/2025,57,19856.11,3892.06,212.19,West,SME
8/22/2025,CUST_A,INV-6325,7473.74,60,10/18/2025,-3,7342.83,0,394.21,South,Enterprise
8/22/2025,CUST_A,INV-6821,23830.67,30,9/22/2025,1,23769.91,60.76,0,East,SME
8/22/2025,CUST_D,INV-6065,21200.5,60,12/25/2025,65,19692.78,1507.72,0,West,Enterprise
8/23/2025,CUST_A,INV-6377,20577.1,45,10/8/2025,1,17641.3,2935.8,0,West,Mid-Market
8/23/2025,CUST_E,INV-6491,16338.83,30,10/22/2025,30,14230.03,2108.8,0,East,Mid-Market
8/23/2025,CUST_D,INV-6468,11432.72,45,12/1/2025,55,11047.57,0,460.6,North,Enterprise
8/24/2025,CUST_D,INV-6887,20395.49,60,12/18/2025,56,18873.49,1378.34,143.66,West,SME
8/24/2025,CUST_B,INV-6881,22699.19,30,9/25/2025,2,22214.24,484.95,0,West,Enterprise
8/24/2025,CUST_A,INV-6349,20132.67,30,9/20/2025,-3,17761.35,2371.32,0,West,Mid-Market
8/24/2025,CUST_C,INV-6448,5518.35,60,11/9/2025,17,5421.43,0,238.39,South,Mid-Market
8/24/2025,CUST_C,INV-6516,20051.46,30,10/22/2025,29,19977.77,73.69,0,East,Enterprise
8/24/2025,CUST_D,INV-6835,19285.43,45,12/7/2025,60,18905.08,0,435.24,North,SME
8/24/2025,CUST_E,INV-6588,23653.27,30,9/21/2025,-2,22162.35,1118.88,372.04,East,SME
8/25/2025,CUST_C,INV-6498,13117.02,45,10/29/2025,20,12560.45,158.26,398.31,West,Enterprise
8/25/2025,CUST_B,INV-6338,20857.48,30,9/23/2025,-1,20833.45,24.03,0,West,SME
8/25/2025,CUST_B,INV-6267,16164.72,30,9/26/2025,2,13133.11,2634.38,397.23,West,Enterprise
8/25/2025,CUST_A,INV-6440,7093.15,60,10/25/2025,1,6508.1,585.05,0,South,Enterprise
8/25/2025,CUST_E,INV-6173,6584.87,45,10/30/2025,21,5872.6,286.37,425.9,North,Enterprise
8/26/2025,CUST_D,INV-6024,17942.21,60,12/23/2025,59,17385.31,409.63,147.27,East,Enterprise
8/26/2025,CUST_E,INV-6458,11696.56,60,11/9/2025,15,11183.89,512.67,0,East,Mid-Market
8/26/2025,CUST_D,INV-6022,7970.55,30,11/22/2025,58,7909.31,61.24,0,North,SME
8/27/2025,CUST_B,INV-6087,5295.39,30,9/28/2025,2,5104.96,0,433.29,West,Mid-Market
8/27/2025,CUST_B,INV-6092,12098.96,30,9/27/2025,1,9725.93,2331.06,41.97,West,Enterprise
8/27/2025,CUST_D,INV-6126,24227.15,45,12/14/2025,64,21939.09,2068.26,219.8,South,Enterprise
8/27/2025,CUST_A,INV-6100,22202.77,30,9/27/2025,1,20438.75,1739.6,24.42,East,SME
8/27/2025,CUST_B,INV-6057,18135,45,10/10/2025,-1,17394.66,740.34,0,North,Enterprise
8/27/2025,CUST_C,INV-6815,19106.44,30,10/18/2025,22,16655.63,2190.16,260.65,North,Mid-Market
8/27/2025,CUST_E,INV-6919,22649.48,45,10/14/2025,3,22338.04,311.44,0,West,Mid-Market
8/28/2025,CUST_D,INV-6646,19275.55,30,11/26/2025,60,16391.12,2884.43,0,South,SME
8/28/2025,CUST_A,INV-6692,23884.97,30,9/26/2025,-1,19874.27,4008.69,2.01,West,Enterprise
8/28/2025,CUST_A,INV-6972,5148.23,30,9/25/2025,-2,4550.16,461.69,136.38,West,Mid-Market
8/29/2025,CUST_C,INV-6519,13114.1,45,11/4/2025,22,11246.75,1867.35,0,West,Mid-Market
8/29/2025,CUST_B,INV-6474,24001.42,45,10/16/2025,3,23634.24,4.22,362.96,South,Mid-Market
8/29/2025,CUST_E,INV-6352,9922.1,45,10/27/2025,14,8445.02,1441.73,35.35,North,Enterprise
8/30/2025,CUST_E,INV-6120,16723.5,60,11/12/2025,14,15672.26,1051.24,0,North,Enterprise
8/30/2025,CUST_A,INV-6781,22587.01,45,10/16/2025,2,21745.36,841.65,0,West,SME
8/30/2025,CUST_E,INV-6176,14410.21,45,11/10/2025,27,13573.86,836.35,0,West,Mid-Market
8/30/2025,CUST_C,INV-6249,11076.57,45,11/3/2025,20,8963.71,2112.86,0,North,Mid-Market
8/30/2025,CUST_B,INV-6090,8313.54,30,9/28/2025,-1,8128.85,0,277.16,East,Enterprise
8/30/2025,CUST_C,INV-6160,20736.27,60,11/16/2025,18,17599.58,3129.61,7.08,West,SME
8/30/2025,CUST_E,INV-6260,13182.63,45,10/10/2025,-4,12288.26,878.62,15.75,East,Mid-Market
8/31/2025,CUST_B,INV-6814,21369.14,30,10/2/2025,2,17555.32,3789.09,24.73,West,SME
8/31/2025,CUST_D,INV-6831,11612.13,60,1/2/2026,64,10229.58,1060.6,321.95,East,Mid-Market
8/31/2025,CUST_B,INV-6386,20108.67,45,10/13/2025,-2,16586.94,3125.31,396.42,North,Enterprise
8/31/2025,CUST_A,INV-6562,9785.55,60,10/27/2025,-3,8275.78,1440.38,69.39,West,SME
8/31/2025,CUST_C,INV-6005,18545.41,45,11/9/2025,25,16550.68,1994.73,0,East,Enterprise
8/31/2025,CUST_C,INV-6286,10574.6,30,10/24/2025,24,10180.16,394.44,0,South,SME
8/31/2025,CUST_B,INV-6012,8711.38,60,10/30/2025,0,8349.35,362.03,0,East,Mid-Market
8/31/2025,CUST_E,INV-6554,6789.55,30,10/21/2025,21,5542.62,1161.68,85.25,West,SME
9/1/2025,CUST_E,INV-6787,19131.48,45,11/14/2025,29,16363.94,2375.07,392.47,West,SME
9/1/2025,CUST_C,INV-6682,12839.56,30,10/29/2025,28,10603.32,1860.79,375.45,West,SME
9/1/2025,CUST_C,INV-6618,11497.06,30,10/16/2025,15,11135.62,361.44,0,North,SME
9/2/2025,CUST_E,INV-6055,19299.29,60,11/2/2025,1,16541.45,2623.9,133.94,East,SME
9/2/2025,CUST_A,INV-6901,13603.88,60,10/29/2025,-3,13293.85,310.03,0,North,Enterprise
9/2/2025,CUST_B,INV-6994,16667.15,60,11/1/2025,0,15389.25,1277.9,0,North,Mid-Market
9/3/2025,CUST_B,INV-6306,14476.7,60,11/3/2025,1,12745.72,1488.08,242.9,West,SME
9/3/2025,CUST_C,INV-6049,24179.54,30,10/25/2025,22,20314.59,3554.35,310.6,North,Mid-Market
9/3/2025,CUST_E,INV-6913,21476.47,45,10/19/2025,1,21271.27,0,418.85,West,SME
9/3/2025,CUST_B,INV-6947,15047.52,45,10/20/2025,2,14743.3,150.44,153.78,North,Mid-Market
9/3/2025,CUST_D,INV-6161,6030.16,60,1/3/2026,62,5505.58,524.58,0,West,SME
9/3/2025,CUST_A,INV-6693,10887.18,60,11/3/2025,1,10574.15,313.03,0,South,Mid-Market
9/3/2025,CUST_B,INV-6671,16200.55,30,10/1/2025,-2,15622.67,459.71,118.17,North,Mid-Market
9/3/2025,CUST_D,INV-6603,22611.25,45,12/16/2025,59,18488.37,3689.05,433.83,East,Mid-Market
9/3/2025,CUST_E,INV-6190,16468.59,45,10/25/2025,7,13262.82,3205.77,0,North,SME
9/3/2025,CUST_E,INV-6360,5331.87,60,11/2/2025,0,5088.3,243.57,0,North,Mid-Market
9/3/2025,CUST_E,INV-6771,5137.19,30,9/29/2025,-4,5039.82,0,283.45,North,Mid-Market
9/4/2025,CUST_C,INV-6110,8286.71,60,11/23/2025,20,7107.59,1179.12,0,North,SME
9/4/2025,CUST_D,INV-6135,21108.55,30,12/6/2025,63,19285.55,1823,0,South,Enterprise
9/4/2025,CUST_A,INV-6871,19874.72,60,10/31/2025,-3,16046.82,3827.9,0,North,SME
9/5/2025,CUST_D,INV-6687,10842.83,30,12/5/2025,61,9835.46,528.9,478.47,West,Mid-Market
9/5/2025,CUST_A,INV-6511,7539.23,45,10/21/2025,1,7272.63,266.6,0,West,Mid-Market
9/5/2025,CUST_C,INV-6521,14603.33,45,11/7/2025,18,12452.27,1906.62,244.44,North,SME
9/5/2025,CUST_B,INV-6780,12252.34,45,10/21/2025,1,10454.15,1515.26,282.93,East,Enterprise
9/5/2025,CUST_D,INV-6870,15845.46,60,1/1/2026,58,14722.09,1123.37,0,East,Enterprise
9/5/2025,CUST_A,INV-6401,12507.26,45,10/20/2025,0,11624.31,782.12,100.83,South,Enterprise
9/5/2025,CUST_B,INV-6702,10533.57,30,10/5/2025,0,9951.85,503.86,77.86,West,Enterprise
9/5/2025,CUST_C,INV-6643,8977.08,45,11/8/2025,19,7700.61,1042.37,234.1,South,Enterprise
9/5/2025,CUST_C,INV-6206,14541.66,45,11/9/2025,20,13050.67,1279.36,211.63,West,SME
9/6/2025,CUST_B,INV-6622,12596.59,30,10/9/2025,3,11219.82,1131.19,245.58,South,Enterprise
9/6/2025,CUST_B,INV-6400,21465.35,60,11/8/2025,3,18292.07,2993.73,179.55,South,Enterprise
9/6/2025,CUST_A,INV-6989,5143.68,60,11/3/2025,-2,4886.28,0,436.35,East,SME
9/6/2025,CUST_E,INV-6553,7350.61,60,11/14/2025,9,6628.78,534.42,187.41,North,SME
9/6/2025,CUST_A,INV-6699,24529.74,30,10/8/2025,2,22778.8,1537.04,213.9,East,SME
9/6/2025,CUST_B,INV-6798,13717.49,30,10/4/2025,-2,12195.2,1465.27,57.02,West,SME
9/6/2025,CUST_E,INV-6383,19843.59,60,12/1/2025,26,18330.26,1513.33,0,East,Enterprise
9/6/2025,CUST_B,INV-6719,16568.17,45,10/22/2025,1,14812.72,1271.38,484.07,West,SME
9/7/2025,CUST_C,INV-6307,17444.94,45,11/13/2025,22,15412.4,2032.54,0,South,Mid-Market
9/8/2025,CUST_D,INV-6777,22889.24,60,1/9/2026,63,20469.29,2383.07,36.88,West,Enterprise
9/9/2025,CUST_D,INV-6508,11507.12,45,12/28/2025,65,9678.11,1630.89,198.12,East,Enterprise
9/9/2025,CUST_D,INV-6991,21523.5,30,12/11/2025,63,18007.97,3515.53,0,South,SME
9/9/2025,CUST_E,INV-6026,18766.77,30,10/20/2025,11,17675.2,708.77,382.8,West,SME
9/9/2025,CUST_B,INV-6083,12905.85,30,10/12/2025,3,10389.33,2516.52,0,East,SME
9/9/2025,CUST_C,INV-6880,11331.26,30,11/4/2025,26,9970.77,1170.61,189.88,West,Mid-Market
9/9/2025,CUST_D,INV-6438,22249.92,60,1/5/2026,58,20834.71,925.88,489.33,West,Enterprise
9/9/2025,CUST_B,INV-6127,15927.83,30,10/10/2025,1,15751.84,175.99,0,East,Enterprise
9/10/2025,CUST_D,INV-6454,13498.73,60,1/4/2026,56,12802.04,675.57,21.12,West,SME
9/10/2025,CUST_C,INV-6444,10727.88,30,11/7/2025,28,9413.81,876.65,437.42,West,Enterprise
9/10/2025,CUST_C,INV-6774,15464.42,60,11/24/2025,15,15451.75,12.67,0,North,Mid-Market
9/10/2025,CUST_D,INV-6105,6289.69,45,12/20/2025,56,5565.6,724.09,0,North,SME
9/10/2025,CUST_E,INV-6620,16104.1,60,11/26/2025,17,13399.69,2704.41,0,West,SME
9/10/2025,CUST_D,INV-6334,22019.97,60,1/3/2026,55,19755.61,2232,32.36,South,Enterprise
9/10/2025,CUST_B,INV-6833,18192.93,60,11/9/2025,0,15354.35,2838.58,0,South,Mid-Market
9/11/2025,CUST_D,INV-6067,14311.85,60,1/6/2026,57,13519.83,428.55,363.47,West,Enterprise
9/11/2025,CUST_A,INV-6061,7415.23,60,11/9/2025,-1,6225.82,1189.41,0,North,SME
9/11/2025,CUST_B,INV-6134,19489.35,30,10/13/2025,2,18495.5,993.85,0,East,SME
9/11/2025,CUST_B,INV-6779,6529.52,30,10/13/2025,2,5935.97,289.41,304.14,East,SME
9/11/2025,CUST_D,INV-6164,10263.43,45,12/25/2025,60,8619.67,1168.09,475.67,West,SME
9/12/2025,CUST_E,INV-6872,23876.63,60,11/17/2025,6,21492.76,2164.63,219.24,North,Enterprise
9/12/2025,CUST_B,INV-6284,11000.02,30,10/11/2025,-1,8965.92,2034.1,0,South,Enterprise
9/12/2025,CUST_B,INV-6560,5342.65,45,10/30/2025,3,4839.41,45.89,457.35,North,Enterprise
9/12/2025,CUST_E,INV-6011,6783.82,30,10/13/2025,1,6374.88,0,413.18,East,Mid-Market
9/12/2025,CUST_C,INV-6656,10756.56,30,11/8/2025,27,9003.38,1695.97,57.21,North,Mid-Market
9/12/2025,CUST_D,INV-6393,18201.32,60,1/8/2026,58,17746.39,454.93,0,West,Enterprise
9/12/2025,CUST_D,INV-6538,18000.9,60,1/8/2026,58,16207.15,1613.26,180.49,North,SME
9/13/2025,CUST_C,INV-6869,10821.96,45,11/15/2025,18,8749.32,2072.64,0,South,Enterprise
9/13/2025,CUST_A,INV-6203,22650.08,30,10/15/2025,2,20714.59,1935.49,0,East,SME
9/13/2025,CUST_B,INV-6944,5345.69,30,10/16/2025,3,4678.67,667.02,0,North,SME
9/13/2025,CUST_A,INV-6644,19213.13,30,10/10/2025,-3,18916.19,296.94,0,East,Mid-Market
9/14/2025,CUST_E,INV-6733,5527.62,45,11/28/2025,30,4425.74,1101.88,0,West,SME
9/14/2025,CUST_D,INV-6299,23797.47,60,1/13/2026,61,21360.4,2437.07,0,West,SME
9/15/2025,CUST_D,INV-6750,5710.48,60,1/18/2026,65,5620.37,0,103.48,West,Enterprise
9/15/2025,CUST_B,INV-6198,9416.08,45,11/2/2025,3,9121.71,35.62,258.75,West,Enterprise
9/15/2025,CUST_B,INV-6294,7855.95,45,10/29/2025,-1,6380.63,1286.74,188.58,West,Enterprise
9/15/2025,CUST_E,INV-6466,18291.4,45,11/18/2025,19,14633.25,3614.26,43.89,East,SME
9/15/2025,CUST_D,INV-6866,24584.13,30,12/13/2025,59,24556.7,27.43,0,South,SME
9/15/2025,CUST_D,INV-6961,21291.51,60,1/10/2026,57,20649.11,642.4,0,East,Enterprise
9/16/2025,CUST_D,INV-6979,19456.79,30,12/12/2025,57,15863.06,3298.12,295.61,South,SME
9/16/2025,CUST_A,INV-6403,20378.1,30,10/16/2025,0,17149.83,2735.28,492.99,West,Enterprise
9/16/2025,CUST_C,INV-6292,8830.09,60,12/4/2025,19,7606.64,1182.03,41.42,South,Enterprise
9/16/2025,CUST_C,INV-6911,16764.15,45,11/21/2025,21,15892.35,738.47,133.33,East,Mid-Market
9/16/2025,CUST_A,INV-6459,14147.45,60,11/16/2025,1,11656.88,2453.99,36.58,East,Mid-Market
9/16/2025,CUST_B,INV-6165,17577.95,45,11/3/2025,3,17059.09,518.86,0,South,Enterprise
9/16/2025,CUST_A,INV-6864,12033.05,60,11/13/2025,-2,10169.61,1390.02,473.42,North,Enterprise
9/17/2025,CUST_D,INV-6433,16001.37,45,1/2/2026,62,14375.78,1147.42,478.17,East,Mid-Market
9/17/2025,CUST_E,INV-6231,24003.26,45,11/28/2025,27,21114.08,2665.49,223.69,West,SME
9/17/2025,CUST_B,INV-6722,17925.06,45,11/1/2025,0,15236.74,2688.32,0,East,SME
9/17/2025,CUST_C,INV-6262,8787.56,30,11/2/2025,16,8496.38,201.73,89.45,West,Mid-Market
9/18/2025,CUST_B,INV-6068,15006.4,30,10/16/2025,-2,13979.96,568.3,458.14,East,Enterprise
9/18/2025,CUST_C,INV-6730,18924.28,45,11/20/2025,18,16997.82,1830.28,96.18,West,SME
9/18/2025,CUST_E,INV-6729,5975.73,45,11/24/2025,22,5098.02,877.71,0,South,Mid-Market
9/18/2025,CUST_D,INV-6473,22794.74,30,12/15/2025,58,20394.25,2326.85,73.64,South,Mid-Market
9/18/2025,CUST_C,INV-6801,22469.53,45,11/28/2025,26,19866.91,2602.62,0,East,Mid-Market
9/19/2025,CUST_A,INV-6623,5584.6,45,11/5/2025,2,4677.99,791.2,115.41,East,Enterprise
9/19/2025,CUST_B,INV-6829,24996.45,60,11/20/2025,2,21589.35,3407.1,0,South,Mid-Market
9/19/2025,CUST_B,INV-6010,22300.76,45,11/2/2025,-1,19383.87,2916.89,0,South,SME
9/19/2025,CUST_C,INV-6196,23599.66,45,11/28/2025,25,20715.93,2800.8,82.93,West,Enterprise
9/20/2025,CUST_A,INV-6974,24266.84,30,10/21/2025,1,22548.16,1718.68,0,North,Enterprise
9/20/2025,CUST_E,INV-6037,23044.24,45,11/23/2025,19,18892.11,4152.13,0,West,SME
9/20/2025,CUST_D,INV-6635,11851.44,30,12/14/2025,55,11821.15,0,200.85,East,Enterprise
9/20/2025,CUST_A,INV-6673,5057.59,60,11/17/2025,-2,4397.93,659.66,0,South,Mid-Market
9/20/2025,CUST_E,INV-6152,6995.73,30,10/22/2025,2,6970.74,24.99,0,West,Mid-Market
9/20/2025,CUST_B,INV-6238,17900.88,30,10/21/2025,1,16183.29,1717.59,0,South,SME
9/20/2025,CUST_E,INV-6963,24109.07,45,11/6/2025,2,22631.19,1472.23,5.65,South,Enterprise
9/20/2025,CUST_D,INV-6158,21821.68,30,12/24/2025,65,18207.4,3614.28,0,North,Enterprise
9/20/2025,CUST_E,INV-6952,8623.98,60,12/6/2025,17,8274.36,44.82,304.8,East,SME
9/20/2025,CUST_E,INV-6214,19018.96,45,11/5/2025,1,17611.74,1407.22,0,East,Mid-Market
9/21/2025,CUST_D,INV-6006,19863.14,30,12/18/2025,58,17158.77,2219.32,485.05,West,Enterprise
9/21/2025,CUST_A,INV-6305,21885.56,45,11/5/2025,0,20300.56,1585,0,South,SME
9/21/2025,CUST_D,INV-6825,7415.1,45,1/8/2026,64,7272.7,0,491.95,East,SME
9/21/2025,CUST_E,INV-6525,20500.58,45,11/13/2025,8,16981.94,3518.64,0,South,Mid-Market
9/21/2025,CUST_D,INV-6861,14941.77,45,1/5/2026,61,12328.9,2612.87,0,West,Mid-Market
9/21/2025,CUST_D,INV-6253,19345.88,30,12/20/2025,60,17806.2,1085.49,454.19,West,SME
9/21/2025,CUST_C,INV-6946,20591.6,30,11/19/2025,29,17400.17,3191.43,0,South,Mid-Market
9/21/2025,CUST_A,INV-6364,18268.24,60,11/21/2025,1,16264.74,1733.48,270.02,East,SME
9/22/2025,CUST_C,INV-6300,8246.99,60,12/6/2025,15,6991.13,1255.86,0,West,SME
9/22/2025,CUST_C,INV-6336,16431.78,45,11/29/2025,23,13954.61,2477.17,0,East,Mid-Market
9/22/2025,CUST_D,INV-6893,6227.61,45,1/7/2026,62,5183.75,570.41,473.45,West,Enterprise
9/22/2025,CUST_B,INV-6424,20208.81,30,10/24/2025,2,16612.19,3107.27,489.35,West,Mid-Market
9/22/2025,CUST_C,INV-6577,8637.06,30,11/15/2025,24,7656.96,980.1,0,West,Enterprise
9/22/2025,CUST_E,INV-6449,8027.64,45,11/15/2025,9,7136.89,890.75,0,West,Enterprise
9/22/2025,CUST_A,INV-6548,6840.31,30,10/24/2025,2,5568.75,884.9,386.66,South,SME
9/23/2025,CUST_E,INV-6387,18189.83,60,11/23/2025,1,15532.37,2620.1,37.36,South,Enterprise
9/23/2025,CUST_E,INV-6811,5407.05,30,10/25/2025,2,4741.64,665.41,0,South,SME
9/23/2025,CUST_C,INV-6902,24317.51,60,12/12/2025,20,20941.85,3265.3,110.36,South,SME
9/23/2025,CUST_C,INV-6060,9586.1,45,11/26/2025,19,7816.8,1467.74,301.56,West,Mid-Market
9/23/2025,CUST_A,INV-6914,20477.92,30,10/20/2025,-3,17771.63,2372.02,334.27,East,SME
9/24/2025,CUST_C,INV-6040,23003.61,60,12/23/2025,30,21271.48,1732.13,0,East,Enterprise
9/24/2025,CUST_E,INV-6460,9976.95,60,12/13/2025,20,8832.36,1144.59,0,East,Mid-Market
9/24/2025,CUST_B,INV-6344,11706.64,60,11/23/2025,0,11553.7,0,488.88,West,Mid-Market
9/25/2025,CUST_D,INV-6950,7729.93,45,1/6/2026,58,6605.14,1124.79,0,West,Enterprise
9/26/2025,CUST_C,INV-6398,11394.47,45,12/5/2025,25,10277.6,1057.09,59.78,West,Enterprise
9/26/2025,CUST_E,INV-6258,21634.22,45,12/8/2025,28,18174.94,3418.33,40.95,West,SME
9/26/2025,CUST_C,INV-6696,21841.04,45,12/3/2025,23,19486.75,2354.29,0,North,SME
9/26/2025,CUST_A,INV-6290,23420.39,45,11/11/2025,1,22062.93,890.23,467.23,East,Mid-Market
9/27/2025,CUST_B,INV-6506,19948.96,45,11/14/2025,3,16830.99,3117.97,0,South,Enterprise
9/27/2025,CUST_A,INV-6713,20826.67,30,10/28/2025,1,17336.8,3489.87,0,North,SME
9/27/2025,CUST_B,INV-6140,24892.5,45,11/10/2025,-1,20047.83,4844.67,0,East,SME
9/27/2025,CUST_B,INV-6830,23262.42,30,10/29/2025,2,21911.77,1134.49,216.16,East,Mid-Market
9/27/2025,CUST_A,INV-6475,23931.24,45,11/12/2025,1,22790.22,1141.02,0,East,Mid-Market
9/27/2025,CUST_D,INV-6009,9417.68,30,12/31/2025,65,8982.78,434.9,0,South,Enterprise
9/28/2025,CUST_D,INV-6981,9777.27,30,12/27/2025,60,9394.01,99.22,284.04,West,Enterprise
9/28/2025,CUST_B,INV-6999,8573.11,30,10/31/2025,3,7372.79,707.64,492.68,West,SME
9/28/2025,CUST_E,INV-6115,13203.44,30,11/2/2025,5,13174.9,28.54,0,East,Enterprise
9/28/2025,CUST_B,INV-6250,10752.76,45,11/12/2025,0,10504.62,68.19,179.95,South,Mid-Market
9/29/2025,CUST_B,INV-6978,10128.85,30,10/30/2025,1,9003.32,662.17,463.36,East,Enterprise
9/29/2025,CUST_D,INV-6679,13771.47,30,1/1/2026,64,12150.05,1621.42,0,South,Enterprise
9/30/2025,CUST_B,INV-6933,23857.8,45,11/16/2025,2,22691.38,910.78,255.64,West,Enterprise
9/30/2025,CUST_A,INV-6916,15597.38,45,11/12/2025,-2,12631.73,2965.65,0,East,Enterprise
9/30/2025,CUST_E,INV-6645,20313.04,60,11/29/2025,0,17622.62,2690.42,0,West,Enterprise
9/30/2025,CUST_D,INV-6404,24548.31,60,2/2/2026,65,19697.56,4850.75,0,South,Mid-Market
10/1/2025,CUST_B,INV-6450,8681.29,60,12/3/2025,3,7371.17,904.03,406.09,East,SME
10/1/2025,CUST_B,INV-6029,12345.45,60,11/29/2025,-1,10653.2,1444.02,248.23,West,SME
10/1/2025,CUST_D,INV-6331,6004.7,45,1/11/2026,57,5590.42,414.28,0,East,Mid-Market
10/2/2025,CUST_D,INV-6335,8045.32,45,1/17/2026,62,7596.3,449.02,0,East,SME
10/2/2025,CUST_B,INV-6172,20363.88,60,12/2/2025,1,16639.39,3663.41,61.08,West,SME
10/2/2025,CUST_E,INV-6373,6183.32,60,12/17/2025,16,5433.68,749.64,0,North,SME
10/2/2025,CUST_D,INV-6174,13660.8,30,1/1/2026,61,11773.19,1887.61,0,South,Enterprise
10/2/2025,CUST_D,INV-6353,13967.92,45,1/12/2026,57,13797.47,170.45,0,West,SME
10/2/2025,CUST_A,INV-6309,6854,45,11/17/2025,1,6563.73,290.27,0,West,SME
10/2/2025,CUST_B,INV-6395,15346.01,60,12/4/2025,3,13680.1,1665.91,0,North,SME
10/3/2025,CUST_B,INV-6970,10142.42,30,11/4/2025,2,8835.27,1093.16,213.99,West,Enterprise
10/3/2025,CUST_C,INV-6149,13464.93,60,12/27/2025,25,11544.44,1920.49,0,West,SME
10/3/2025,CUST_C,INV-6607,22292.11,30,11/22/2025,20,18282.49,4009.62,0,South,Enterprise
10/3/2025,CUST_A,INV-6109,24285.51,45,11/15/2025,-2,24222.79,62.72,0,East,SME
10/3/2025,CUST_C,INV-6808,10435.5,45,12/3/2025,16,9303.24,1132.26,0,East,Mid-Market
10/3/2025,CUST_D,INV-6111,11899.95,30,1/6/2026,65,9597.98,2295.03,6.94,East,SME
10/3/2025,CUST_E,INV-6021,11353.3,60,12/11/2025,9,9644.72,1500.01,208.57,South,Enterprise
10/4/2025,CUST_B,INV-6150,14632.54,30,11/3/2025,0,13916.22,366.69,349.63,West,Enterprise
10/4/2025,CUST_B,INV-6927,13028.17,30,11/3/2025,0,12611.95,389.46,26.76,East,Mid-Market
10/4/2025,CUST_E,INV-6266,8728.96,30,11/15/2025,12,7893.4,548.89,286.67,North,SME
10/4/2025,CUST_C,INV-6546,8652.67,60,12/26/2025,23,6995.56,1657.11,0,South,Enterprise
10/4/2025,CUST_E,INV-6949,17738.67,30,11/11/2025,8,14996.73,2741.94,0,West,Enterprise
10/4/2025,CUST_D,INV-6617,10839.87,30,12/28/2025,55,9680.29,1095.68,63.9,North,Mid-Market
10/4/2025,CUST_D,INV-6064,12755.6,45,1/17/2026,60,11106.73,1648.87,0,South,Mid-Market
10/5/2025,CUST_A,INV-6691,15223.98,45,11/17/2025,-2,14441.87,782.11,0,North,Enterprise
10/5/2025,CUST_A,INV-6187,19589.64,45,11/16/2025,-3,16583.59,2623.91,382.14,North,Mid-Market
10/5/2025,CUST_E,INV-6632,6038.81,45,11/19/2025,0,5325.71,262.23,450.87,South,Enterprise
10/5/2025,CUST_D,INV-6222,12343.04,45,1/18/2026,60,11659.77,618.37,64.9,West,Enterprise
10/5/2025,CUST_B,INV-6069,8578.66,45,11/20/2025,1,7935.88,598.85,43.93,South,SME
10/6/2025,CUST_C,INV-6210,14770.87,45,12/5/2025,15,14069.14,701.73,0,North,Enterprise
10/6/2025,CUST_E,INV-6878,13080.44,45,12/10/2025,20,12597.1,483.34,0,West,SME
10/6/2025,CUST_E,INV-6246,10962.91,30,11/6/2025,1,9912.9,1050.01,0,West,Mid-Market
10/6/2025,CUST_A,INV-6940,21953.36,30,11/3/2025,-2,18484.56,3067.21,401.59,North,Enterprise
10/6/2025,CUST_D,INV-6236,11565.27,45,1/24/2026,65,10786.33,778.94,0,South,Enterprise
10/6/2025,CUST_C,INV-6283,7240.58,60,12/27/2025,22,6266.74,792.49,181.35,West,Mid-Market
10/6/2025,CUST_C,INV-6221,6181.24,30,12/3/2025,28,5027.91,1153.33,0,South,SME
10/6/2025,CUST_B,INV-6379,13567.69,60,12/6/2025,1,10990.36,2577.33,0,North,Mid-Market
10/6/2025,CUST_E,INV-6726,10369.94,30,11/10/2025,5,9548.98,820.96,0,South,Mid-Market
10/7/2025,CUST_A,INV-6545,8014.67,30,11/4/2025,-2,6651.04,1363.63,0,South,Enterprise
10/7/2025,CUST_B,INV-6749,21567.41,30,11/9/2025,3,20837.82,729.59,0,South,Mid-Market
10/7/2025,CUST_A,INV-6984,15365.66,45,11/18/2025,-3,13483.76,1858.89,23.01,North,Mid-Market
10/7/2025,CUST_A,INV-6574,23796.98,60,12/3/2025,-3,23695.91,0,445.96,South,Mid-Market
10/8/2025,CUST_B,INV-6582,6423.2,30,11/9/2025,2,5604.57,818.63,0,South,Enterprise
10/9/2025,CUST_C,INV-6148,12841.95,30,12/8/2025,30,10338.52,2503.43,0,North,Mid-Market
10/9/2025,CUST_A,INV-6967,5766.7,45,11/24/2025,1,4832.36,655.77,278.57,South,Enterprise
10/9/2025,CUST_D,INV-6953,10264.41,45,1/22/2026,60,9455.5,716.07,92.84,North,SME
10/9/2025,CUST_A,INV-6215,6310.22,60,12/10/2025,2,5291.17,1019.05,0,North,Enterprise
10/9/2025,CUST_D,INV-6056,8137.87,45,1/18/2026,56,7162.16,491.07,484.64,West,Mid-Market
10/9/2025,CUST_B,INV-6515,22883.37,45,11/21/2025,-2,20862.55,1952.82,68,West,Enterprise
10/9/2025,CUST_B,INV-6457,23218.59,30,11/8/2025,0,20570.35,2229.46,418.78,North,Mid-Market
10/9/2025,CUST_E,INV-6527,5116.96,30,11/23/2025,15,4620.55,366.76,129.65,North,SME
10/9/2025,CUST_B,INV-6259,11551.33,60,12/9/2025,1,10600.55,619.92,330.86,West,Enterprise
10/10/2025,CUST_D,INV-6322,9518.4,60,2/2/2026,55,8563.46,537.93,417.01,South,Mid-Market
10/10/2025,CUST_A,INV-6824,11961.15,45,11/25/2025,1,9601.44,2302.22,57.49,North,Enterprise
10/10/2025,CUST_E,INV-6313,24862.47,45,11/21/2025,-3,21625.42,3237.05,0,West,Mid-Market
10/10/2025,CUST_D,INV-6094,18567.47,45,1/28/2026,65,16816.28,1751.19,0,North,SME
10/10/2025,CUST_D,INV-6769,8367.12,60,2/3/2026,56,7473.42,893.7,0,West,SME
10/10/2025,CUST_B,INV-6416,20300.11,30,11/7/2025,-2,16550.05,3750.06,0,North,SME
10/10/2025,CUST_B,INV-6581,7155.16,60,12/12/2025,3,6025.08,1078.81,51.27,North,Mid-Market
10/11/2025,CUST_A,INV-6389,18180.63,45,11/25/2025,0,15342.74,2837.89,0,East,SME
10/11/2025,CUST_D,INV-6388,24149.85,60,2/9/2026,61,22419.98,1315.47,414.4,North,Enterprise
10/11/2025,CUST_B,INV-6427,15330.37,30,11/11/2025,1,14191.52,1138.85,0,North,Mid-Market
10/11/2025,CUST_A,INV-6573,5540.11,45,11/26/2025,1,5001.54,230.16,308.41,North,Mid-Market
10/11/2025,CUST_A,INV-6208,16205.89,45,11/24/2025,-1,16137.29,68.6,0,East,SME
10/11/2025,CUST_D,INV-6977,13412.03,45,1/29/2026,65,11404.51,2007.52,0,East,Mid-Market
10/11/2025,CUST_A,INV-6217,14309.2,30,11/9/2025,-1,12858.92,1436.83,13.45,West,SME
10/11/2025,CUST_D,INV-6717,17387.75,30,1/5/2026,56,17156.95,230.8,0,West,SME
10/11/2025,CUST_D,INV-6676,21644.72,60,2/13/2026,65,20256.75,1387.97,0,South,Enterprise
10/12/2025,CUST_E,INV-6123,14253.28,60,12/11/2025,0,12440.21,1507.09,305.98,North,SME
10/12/2025,CUST_B,INV-6766,9856.89,60,12/12/2025,1,9450.17,406.72,0,North,Enterprise
10/12/2025,CUST_C,INV-6093,6571.78,30,11/29/2025,18,5394,1177.78,0,North,Mid-Market
10/12/2025,CUST_C,INV-6245,23246.4,60,12/27/2025,16,21180.75,1971.42,94.23,East,SME
10/12/2025,CUST_E,INV-6528,16143.23,30,11/29/2025,18,14083.09,2060.14,0,South,Mid-Market
10/12/2025,CUST_E,INV-6442,11455.86,30,11/12/2025,1,9927.34,1257.96,270.56,North,Enterprise
10/13/2025,CUST_A,INV-6464,19101.39,30,11/13/2025,1,16447.47,2653.92,0,North,Enterprise
10/13/2025,CUST_E,INV-6453,8333.55,30,11/23/2025,11,7786.04,258.51,289,West,Enterprise
10/13/2025,CUST_E,INV-6513,21251.77,30,11/20/2025,8,18921.29,2294.51,35.97,South,SME
10/13/2025,CUST_E,INV-6080,11425.05,45,12/5/2025,8,9654.08,1770.97,0,North,Enterprise
10/13/2025,CUST_C,INV-6697,7896.39,45,12/20/2025,23,6338.43,1274.89,283.07,South,Enterprise
10/13/2025,CUST_D,INV-6184,12909.46,30,1/10/2026,59,11570.77,1186.49,152.2,East,Enterprise
10/13/2025,CUST_C,INV-6225,14169.45,45,12/16/2025,19,13435.41,734.04,0,East,Enterprise
10/13/2025,CUST_C,INV-6627,12251.71,45,12/16/2025,19,11467.37,632.95,151.39,South,Enterprise
10/14/2025,CUST_A,INV-6834,13381.7,45,11/29/2025,1,12775.9,605.8,0,South,SME
10/14/2025,CUST_D,INV-6408,22871.61,60,2/7/2026,56,21867.76,918.24,85.61,West,SME
10/14/2025,CUST_C,INV-6874,17811.39,30,12/13/2025,30,15717.15,1633.95,460.29,East,SME
10/14/2025,CUST_D,INV-6846,18078.7,30,1/11/2026,59,15191.94,2633.58,253.18,South,Mid-Market
10/15/2025,CUST_E,INV-6559,24252.86,45,12/3/2025,4,22350.69,1423.1,479.07,West,SME
10/15/2025,CUST_C,INV-6166,24914.08,60,1/2/2026,19,20287.22,4307.09,319.77,North,SME
10/15/2025,CUST_E,INV-6662,15837.71,45,12/10/2025,11,14338.12,1320.14,179.45,West,Mid-Market
10/16/2025,CUST_A,INV-6570,24933.97,30,11/14/2025,-1,20840.65,3947.89,145.43,West,Enterprise
10/16/2025,CUST_B,INV-6705,5810.98,30,11/15/2025,0,4815.31,995.67,0,North,SME
10/16/2025,CUST_B,INV-6366,19639.91,60,12/17/2025,2,18825.37,805.61,8.93,North,Enterprise
10/16/2025,CUST_B,INV-6704,23244.57,60,12/17/2025,2,23161.77,82.8,0,East,Enterprise
10/16/2025,CUST_E,INV-6625,23044.93,60,1/3/2026,19,22090.27,485.35,469.31,North,Mid-Market
10/16/2025,CUST_B,INV-6411,18780.46,45,11/28/2025,-2,17178.26,1602.2,0,North,Enterprise
10/16/2025,CUST_A,INV-6578,23492.33,45,11/30/2025,0,21396.76,2095.57,0,South,Enterprise
10/16/2025,CUST_D,INV-6672,5209.88,30,1/9/2026,55,4301.07,423.8,485.01,North,SME
10/16/2025,CUST_C,INV-6436,24229.09,30,12/10/2025,25,22290.78,1613.92,324.39,South,Enterprise
10/16/2025,CUST_C,INV-6937,6291.48,45,12/18/2025,18,6245.6,0,416.92,West,SME
10/17/2025,CUST_D,INV-6987,16408.01,60,2/13/2026,59,15229.73,1178.28,0,South,Enterprise
10/17/2025,CUST_A,INV-6074,17587.23,45,12/1/2025,0,15025.36,2561.87,0,South,SME
10/17/2025,CUST_A,INV-6142,19973.92,60,12/15/2025,-1,18101.63,1872.29,0,East,SME
10/17/2025,CUST_C,INV-6925,7280.26,45,12/24/2025,23,6609.25,513.85,157.16,North,Enterprise
10/18/2025,CUST_B,INV-6788,24512.25,30,11/20/2025,3,23344.18,1168.07,0,North,SME
10/18/2025,CUST_D,INV-6827,16311.23,60,2/16/2026,61,13934.94,2376.29,0,East,Mid-Market
10/18/2025,CUST_B,INV-6948,5361.91,45,12/3/2025,1,4825.63,536.28,0,South,Mid-Market
10/18/2025,CUST_A,INV-6898,10182.58,60,12/14/2025,-3,9001.18,1181.4,0,West,SME
10/18/2025,CUST_A,INV-6089,12139.97,30,11/14/2025,-3,10059.54,2080.43,0,West,Enterprise
10/19/2025,CUST_A,INV-6405,16243.11,60,12/18/2025,0,13429.82,2813.29,0,North,SME
10/19/2025,CUST_B,INV-6370,10534.99,30,11/20/2025,2,9322.91,1212.08,0,West,Enterprise
10/19/2025,CUST_E,INV-6181,17052.84,60,1/3/2026,16,14690.67,2362.17,0,South,Enterprise
10/19/2025,CUST_E,INV-6768,22810.43,30,11/14/2025,-4,21355.64,1454.79,0,South,SME
10/20/2025,CUST_C,INV-6631,13999.7,45,12/28/2025,24,13771.07,210.48,18.15,West,Enterprise
10/20/2025,CUST_D,INV-6585,24247.27,45,1/28/2026,55,23040.32,1206.95,0,North,SME
10/20/2025,CUST_B,INV-6341,18336.48,45,12/7/2025,3,18330.28,6.2,0,West,Mid-Market
10/20/2025,CUST_B,INV-6563,7670.61,60,12/17/2025,-2,6322.03,1348.58,0,East,Mid-Market
10/20/2025,CUST_A,INV-6207,22577.84,30,11/19/2025,0,21897.7,680.14,0,West,SME
10/21/2025,CUST_B,INV-6409,15678.73,45,12/4/2025,-1,13703.05,1729.58,246.1,South,SME
10/21/2025,CUST_E,INV-6954,24326.66,45,1/4/2026,30,23031.08,1295.58,0,West,SME
10/21/2025,CUST_E,INV-6295,17736.83,30,11/26/2025,6,17646.99,89.84,0,North,Enterprise
10/21/2025,CUST_A,INV-6823,18070.36,60,12/22/2025,2,16227.73,1455.54,387.09,South,Mid-Market
10/21/2025,CUST_C,INV-6118,10154.08,60,1/8/2026,19,9520.21,616,17.87,West,Enterprise
10/21/2025,CUST_B,INV-6843,14003.58,45,12/4/2025,-1,13282.09,721.49,0,East,Enterprise
10/22/2025,CUST_A,INV-6121,13612.24,60,12/20/2025,-1,12443.79,790.72,377.73,South,SME
10/22/2025,CUST_A,INV-6652,19463.39,30,11/22/2025,1,16871.49,2591.9,0,North,Mid-Market
10/22/2025,CUST_E,INV-6192,5885.24,30,12/6/2025,15,4764.62,904.27,216.35,North,Enterprise
10/22/2025,CUST_E,INV-6484,6596.52,30,12/2/2025,11,6590.52,6,0,North,Mid-Market
10/22/2025,CUST_E,INV-6990,22847.51,45,12/18/2025,12,22662.39,185.12,0,South,Enterprise
10/22/2025,CUST_B,INV-6414,17598.71,45,12/9/2025,3,15224.19,2374.52,0,South,SME
10/23/2025,CUST_C,INV-6858,5471.6,60,1/19/2026,28,4650.75,820.85,0,West,SME
10/23/2025,CUST_E,INV-6924,18027.22,30,12/2/2025,10,17427.65,302.24,297.33,South,Mid-Market
10/23/2025,CUST_D,INV-6514,20622.94,60,2/25/2026,65,17797.4,2465.54,360,North,Mid-Market
10/24/2025,CUST_E,INV-6744,12180.5,60,1/18/2026,26,10885.4,1294.92,0.18,South,Enterprise
10/24/2025,CUST_C,INV-6770,20279.46,30,12/11/2025,18,17089.15,3114.04,76.27,West,SME
10/24/2025,CUST_E,INV-6569,16453.54,30,12/3/2025,10,13822.98,2208,422.56,South,Enterprise
10/24/2025,CUST_D,INV-6848,6431.63,60,2/22/2026,61,5633.7,797.93,0,South,Enterprise
10/24/2025,CUST_C,INV-6674,6793.4,45,1/3/2026,26,6514.61,278.79,0,North,Enterprise
10/24/2025,CUST_C,INV-6555,20977.82,45,12/27/2025,19,17583.87,3393.95,0,South,Mid-Market
10/24/2025,CUST_D,INV-6410,14446.45,45,2/5/2026,59,14067.63,376.5,2.32,East,SME
10/25/2025,CUST_C,INV-6088,23583.2,45,12/24/2025,15,22040.87,1542.33,0,West,Mid-Market
10/25/2025,CUST_C,INV-6071,7245.87,45,12/28/2025,19,6384.08,847.17,14.62,West,SME
10/25/2025,CUST_D,INV-6004,7075.79,30,1/28/2026,65,6437.06,638.73,0,West,Enterprise
10/25/2025,CUST_C,INV-6636,14263.67,45,12/27/2025,18,11951.42,2312.25,0,West,Mid-Market
10/25/2025,CUST_B,INV-6189,5050.38,60,12/24/2025,0,4391.51,535.61,123.26,North,Mid-Market
10/25/2025,CUST_E,INV-6228,7343,45,12/10/2025,1,7165.18,177.82,0,West,Enterprise
10/26/2025,CUST_B,INV-6019,12831.97,45,12/9/2025,-1,12050.21,735.18,46.58,East,SME
10/26/2025,CUST_E,INV-6128,8032.79,45,12/16/2025,6,6455.13,1577.66,0,West,SME
10/26/2025,CUST_A,INV-6445,7152.68,45,12/9/2025,-1,6150.58,1002.1,0,East,Enterprise
10/26/2025,CUST_D,INV-6035,13317.8,45,2/12/2026,64,11945.04,1372.76,0,East,Enterprise
10/26/2025,CUST_E,INV-6399,14979.73,30,12/12/2025,17,13694.35,1053.84,231.54,East,SME
10/26/2025,CUST_D,INV-6257,7368.58,60,2/27/2026,64,6945.34,123.05,300.19,West,Enterprise
10/26/2025,CUST_A,INV-6356,22015.33,60,12/22/2025,-3,21806.08,209.25,0,North,Enterprise
10/27/2025,CUST_C,INV-6047,10412.63,60,1/24/2026,29,10310.5,0,144.01,South,Enterprise
10/27/2025,CUST_D,INV-6742,15652.91,45,2/8/2026,59,13566.63,1729.31,356.97,South,SME
10/27/2025,CUST_C,INV-6817,9130.33,60,1/18/2026,23,8742.13,11.87,376.33,North,Enterprise
10/27/2025,CUST_B,INV-6613,24771.98,45,12/11/2025,0,24744.42,0,412.08,West,Mid-Market
10/27/2025,CUST_A,INV-6926,7436.02,30,11/23/2025,-3,6190.77,1245.25,0,East,Enterprise
10/27/2025,CUST_C,INV-6051,12999.85,30,12/17/2025,21,11157.75,1842.1,0,South,Enterprise
10/28/2025,CUST_D,INV-6855,6449.52,30,1/30/2026,64,5710.61,738.91,0,South,Enterprise
10/28/2025,CUST_B,INV-6079,21641.72,30,11/26/2025,-1,21552.52,89.2,0,East,Enterprise
10/28/2025,CUST_C,INV-6565,12156.67,30,12/19/2025,22,10296.2,1860.47,0,East,Mid-Market
10/28/2025,CUST_E,INV-6131,24414.76,60,12/29/2025,2,21863.32,2074.51,476.93,North,SME
10/28/2025,CUST_D,INV-6070,23056.96,60,2/21/2026,56,20204.46,2607.6,244.9,South,Enterprise
10/28/2025,CUST_C,INV-6500,16420.3,45,1/3/2026,22,15969.53,450.77,0,South,SME
10/28/2025,CUST_C,INV-6993,8716.76,60,1/25/2026,29,8054.85,316.97,344.94,West,Enterprise
10/29/2025,CUST_C,INV-6609,8293.43,60,1/23/2026,26,7495.68,792.54,5.21,South,SME
10/29/2025,CUST_D,INV-6337,5692.44,60,3/2/2026,64,5559.92,0,250.54,West,SME
10/29/2025,CUST_D,INV-6535,10159.72,45,2/15/2026,64,9364.29,795.43,0,North,Enterprise
10/29/2025,CUST_B,INV-6561,9070.81,60,12/31/2025,3,8723.54,347.27,0,West,Mid-Market
10/29/2025,CUST_A,INV-6731,12280.82,30,11/30/2025,2,11748.15,532.67,0,West,Mid-Market
10/29/2025,CUST_B,INV-6686,15125.18,60,12/29/2025,1,12294.17,2831.01,0,South,Enterprise
10/29/2025,CUST_C,INV-6701,19653.97,45,1/4/2026,22,16405.42,3248.55,0,North,Enterprise
10/30/2025,CUST_D,INV-6796,17657.53,60,2/26/2026,59,16481.32,1176.21,0,North,Mid-Market
10/30/2025,CUST_D,INV-6316,17334.23,60,3/2/2026,63,14118.46,2867.91,347.86,East,Mid-Market
10/30/2025,CUST_E,INV-6044,24042.61,60,1/23/2026,25,23809.04,233.57,0,West,SME
10/30/2025,CUST_B,INV-6759,10260.9,45,12/17/2025,3,8248.34,2012.56,0,West,Enterprise
10/30/2025,CUST_D,INV-6102,12640.26,30,1/23/2026,55,10786,1847.86,6.4,East,Mid-Market
10/30/2025,CUST_C,INV-6278,22609.5,60,1/25/2026,27,19657.19,2582.1,370.21,East,SME
10/30/2025,CUST_C,INV-6670,18533.02,30,12/23/2025,24,18335.72,197.3,0,West,SME
10/30/2025,CUST_C,INV-6237,20310.02,30,12/27/2025,28,19451.48,858.54,0,South,Enterprise
10/31/2025,CUST_B,INV-6751,19723.23,45,12/16/2025,1,19415.59,307.64,0,South,Mid-Market
10/31/2025,CUST_A,INV-6314,16777.88,30,11/30/2025,0,16320.35,427.74,29.79,South,Mid-Market
10/31/2025,CUST_B,INV-6900,16008.21,45,12/16/2025,1,13214.48,2793.73,0,North,Mid-Market
10/31/2025,CUST_D,INV-6799,13803.46,45,2/16/2026,63,12400.1,1403.36,0,North,Mid-Market
10/31/2025,CUST_C,INV-6958,24069.72,60,1/16/2026,17,22717.31,1352.41,0,South,SME
10/31/2025,CUST_E,INV-6863,15749.08,60,12/31/2025,1,12725.31,2595.81,427.96,West,Enterprise
10/31/2025,CUST_E,INV-6856,12281.89,30,12/14/2025,14,10834.55,1369.97,77.37,South,Mid-Market
