customer_id,invoice_date,invoice_id,invoice_amount,payment_term_days,payment_date,days_delayed,collected_amount,outstanding_amount,credit_note,region,segment,amount_percent
CUST_A,2025-05-01,INV-6712,19370.63,60.0,2025-06-28,-2,15553.99,3467.09,349.55,South,Mid-Market,0.8029676887122411
CUST_A,2025-05-02,NoInvoice,0.0,0.0,,0,0.0,0.0,0.0,South,Mid-Market,0.0
CUST_A,2025-05-03,INV-6520,14455.96,45.0,2025-06-18,1,13664.22,791.74,0.0,West,Mid-Market,0.94523089438543
CUST_A,2025-05-04,INV-6078,21386.94,60.0,2025-07-01,-2,21215.99,149.44,21.51,West,SME,0.9920068041524408
CUST_A,2025-05-05,INV-6715,8287.23,45.0,2025-06-17,-2,7039.61,774.12,473.5,South,Mid-Market,0.8494527121848917
CUST_A,2025-05-06,INV-6518,8306.54,30.0,2025-06-05,0,8053.11,253.43,0.0,North,SME,0.9694903052293733
CUST_A,2025-05-07,INV-6980,17763.35,45.0,2025-06-23,2,16824.26,939.09,0.0,North,SME,0.9471332828548669
CUST_A,2025-05-08,NoInvoice,0.0,0.0,,0,0.0,0.0,0.0,North,SME,0.0
CUST_A,2025-05-09,NoInvoice,0.0,0.0,,0,0.0,0.0,0.0,North,SME,0.0
CUST_A,2025-05-10,INV-6879,19696.39,30.0,2025-06-06,-3,17786.95,1571.64,337.8,North,SME,0.9030563468737165
CUST_A,2025-05-11,INV-6665,8015.08,30.0,2025-06-07,-3,6682.22,1332.86,0.0,East,Mid-Market,0.8337059642573749
CUST_A,2025-05-12,INV-6894,5305.15,60.0,2025-07-13,2,4693.87,264.64,346.64,North,SME,0.8847761137762363
CUST_A,2025-05-13,NoInvoice,0.0,0.0,,0,0.0,0.0,0.0,North,SME,0.0
CUST_A,2025-05-14,NoInvoice,0.0,0.0,,0,0.0,0.0,0.0,North,SME,0.0
CUST_A,2025-05-15,NoInvoice,0.0,0.0,,0,0.0,0.0,0.0,North,SME,0.0
CUST_A,2025-05-16,NoInvoice,0.0,0.0,,0,0.0,0.0,0.0,North,SME,0.0
CUST_A,2025-05-17,NoInvoice,0.0,0.0,,0,0.0,0.0,0.0,North,SME,0.0
CUST_A,2025-05-18,INV-6837,21765.52,45.0,2025-07-04,2,18743.91,3021.61,0.0,South,SME,0.8611744630957587
CUST_A,2025-05-19,NoInvoice,0.0,0.0,,0,0.0,0.0,0.0,South,SME,0.0
CUST_A,2025-05-20,INV-6592,20859.9,45.0,2025-07-03,-1,18970.02,1581.78,308.1,South,SME,0.9094012914731134
CUST_A,2025-05-21,INV-6504,12009.88,45.0,2025-07-02,-3,10149.77,1860.11,0.0,East,Enterprise,0.8451183525563953
CUST_A,2025-05-22,INV-6145,22756.3,60.0,2025-07-18,-3,21261.68,1494.62,0.0,North,Mid-Market,0.9343206057223714
CUST_A,2025-05-23,INV-6591,12869.83,30.0,2025-06-22,0,10630.78,2170.22,68.83,West,SME,0.8260233429656803
CUST_A,2025-05-24,NoInvoice,0.0,0.0,,0,0.0,0.0,0.0,West,SME,0.0
CUST_A,2025-05-25,INV-6633,14411.73,60.0,2025-07-22,-2,12564.63,1357.21,489.89,West,Mid-Market,0.8718335689053291
CUST_A,2025-05-26,INV-6732,17686.08,60.0,2025-07-22,-3,17114.31,467.99,103.78,East,SME,0.9676711854746783
CUST_A,2025-05-27,INV-6600,17111.28,45.0,2025-07-09,-2,15331.26,1491.28,288.74,East,SME,0.895973883894133
CUST_A,2025-05-28,INV-6274,8295.06,60.0,2025-07-25,-2,8241.34,0.0,83.9,West,SME,0.9935238563675248
CUST_A,2025-05-29,INV-6429,6202.28,30.0,2025-06-27,-1,5664.24,538.04,0.0,East,SME,0.9132512559897328
CUST_A,2025-05-30,INV-6202,15595.13,45.0,2025-07-13,-1,14171.52,1423.61,0.0,South,Mid-Market,0.9087144512421507
CUST_A,2025-05-31,INV-6891,12663.64,45.0,2025-07-13,-2,11413.33,1250.31,0.0,West,Enterprise,0.9012677239719386
CUST_A,2025-06-01,INV-6368,14197.89,60.0,2025-08-01,1,12361.56,1836.33,0.0,South,Mid-Market,0.8706617673471199
CUST_A,2025-06-02,NoInvoice,0.0,0.0,,0,0.0,0.0,0.0,South,Mid-Market,0.0
CUST_A,2025-06-03,INV-6418,23283.21,30.0,2025-07-01,-2,22528.8,400.4,354.01,South,Enterprise,0.967598539892051
CUST_A,2025-06-04,NoInvoice,0.0,0.0,,0,0.0,0.0,0.0,South,Enterprise,0.0
CUST_A,2025-06-05,INV-6372,10918.35,60.0,2025-08-01,-3,10217.62,562.9,137.83,West,Mid-Market,0.9358208886873933
CUST_A,2025-06-06,NoInvoice,0.0,0.0,,0,0.0,0.0,0.0,West,Mid-Market,0.0
CUST_A,2025-06-07,INV-6756,19474.36,30.0,2025-07-04,-3,16634.12,2840.24,0.0,East,Mid-Market,0.8541548990570165
CUST_A,2025-06-08,INV-6000,7105.59,45.0,2025-07-25,2,5747.17,968.66,389.76,South,Enterprise,0.8088237570701378
CUST_A,2025-06-09,INV-6091,11718.78,60.0,2025-08-08,0,11628.57,90.21,0.0,North,Enterprise,0.9923020997066246
CUST_A,2025-06-10,NoInvoice,0.0,0.0,,0,0.0,0.0,0.0,North,Enterprise,0.0
CUST_A,2025-06-11,NoInvoice,0.0,0.0,,0,0.0,0.0,0.0,North,Enterprise,0.0
CUST_A,2025-06-12,INV-6485,23972.68,30.0,2025-07-13,1,19214.6,4758.08,0.0,South,SME,0.8015207310989009
CUST_A,2025-06-13,INV-6557,20958.46,30.0,2025-07-12,-1,18547.98,2092.05,318.43,North,Enterprise,0.8849877328773202
CUST_A,2025-06-14,INV-6619,10399.46,60.0,2025-08-11,-2,8738.59,1429.43,231.44,East,Mid-Market,0.8402926690424312
CUST_A,2025-06-15,NoInvoice,0.0,0.0,,0,0.0,0.0,0.0,East,Mid-Market,0.0
CUST_A,2025-06-16,INV-6183,12954.52,30.0,2025-07-15,-1,10685.01,2269.51,0.0,North,Enterprise,0.8248094101518234
CUST_A,2025-06-17,NoInvoice,0.0,0.0,,0,0.0,0.0,0.0,North,Enterprise,0.0
CUST_A,2025-06-18,INV-6434,18125.1,45.0,2025-08-03,1,14972.34,3017.9,134.86,North,SME,0.8260555803830049
CUST_A,2025-06-19,NoInvoice,0.0,0.0,,0,0.0,0.0,0.0,North,SME,0.0
CUST_A,2025-06-20,INV-6310,21852.54,60.0,2025-08-16,-3,18947.42,2905.12,0.0,North,Enterprise,0.8670580170543103
CUST_A,2025-06-21,INV-6063,21174.5,45.0,2025-08-05,0,17301.13,3873.37,0.0,West,Mid-Market,0.8170738388155565
CUST_A,2025-06-22,NoInvoice,0.0,0.0,,0,0.0,0.0,0.0,West,Mid-Market,0.0
CUST_A,2025-06-23,NoInvoice,0.0,0.0,,0,0.0,0.0,0.0,West,Mid-Market,0.0
CUST_A,2025-06-24,NoInvoice,0.0,0.0,,0,0.0,0.0,0.0,West,Mid-Market,0.0
CUST_A,2025-06-25,INV-6685,22890.39,45.0,2025-08-08,-1,19099.83,3790.56,0.0,North,Mid-Market,0.8344038699209582
CUST_A,2025-06-26,INV-6470,11324.57,60.0,2025-08-26,1,9322.15,2002.42,0.0,North,Enterprise,0.8231791582373547
CUST_A,2025-06-27,NoInvoice,0.0,0.0,,0,0.0,0.0,0.0,North,Enterprise,0.0
CUST_A,2025-06-28,NoInvoice,0.0,0.0,,0,0.0,0.0,0.0,North,Enterprise,0.0
CUST_A,2025-06-29,INV-6003,9789.94,30.0,2025-07-28,-1,8978.68,430.06,381.2,South,Mid-Market,0.9171333021448548
CUST_A,2025-06-30,INV-6923,22754.76,45.0,2025-08-12,-2,18259.68,4495.08,0.0,North,Enterprise,0.802455398343028
CUST_A,2025-07-01,INV-6920,12753.1,60.0,2025-08-30,0,11251.14,1006.9,495.06,North,SME,0.8822278504834118
CUST_A,2025-07-02,INV-6810,5714.98,60.0,2025-08-30,-1,4840.66,874.32,0.0,West,Enterprise,0.8470125879705617
CUST_A,2025-07-03,INV-6256,19413.46,60.0,2025-09-03,2,18189.59,908.9,314.97,East,Enterprise,0.9369576572130883
CUST_A,2025-07-04,INV-6194,7209.31,45.0,2025-08-16,-2,6725.8,26.12,457.39,West,Enterprise,0.9329325552653444
CUST_A,2025-07-05,INV-6008,24774.38,30.0,2025-08-06,2,23970.22,803.97,0.19,East,Enterprise,0.9675406609570048
CUST_A,2025-07-06,NoInvoice,0.0,0.0,,0,0.0,0.0,0.0,East,Enterprise,0.0
CUST_A,2025-07-07,INV-6706,18014.11,30.0,2025-08-06,0,14671.89,3342.22,0.0,South,Enterprise,0.814466548722085
CUST_A,2025-07-08,INV-6757,20332.2,45.0,2025-08-19,-3,19218.24,1113.96,0.0,West,Mid-Market,0.9452120282114086
CUST_A,2025-07-09,INV-6212,21627.47,60.0,2025-09-04,-3,18507.62,3119.85,0.0,West,Mid-Market,0.8557459564156139
CUST_A,2025-07-10,INV-6365,23593.72,45.0,2025-08-23,-1,21181.74,2411.98,0.0,East,Enterprise,0.8977702541184689
CUST_A,2025-07-11,INV-6329,21806.87,45.0,2025-08-23,-2,18330.07,3246.2,230.6,South,SME,0.8405640057468129
CUST_A,2025-07-12,INV-6374,20762.69,30.0,2025-08-11,0,17747.32,2523.22,492.15,South,SME,0.8547697817575661
CUST_A,2025-07-13,NoInvoice,0.0,0.0,,0,0.0,0.0,0.0,South,SME,0.0
CUST_A,2025-07-14,INV-6552,16195.03,45.0,2025-08-28,0,15721.95,413.86,59.22,North,Enterprise,0.970788569085701
CUST_A,2025-07-15,NoInvoice,0.0,0.0,,0,0.0,0.0,0.0,North,Enterprise,0.0
CUST_A,2025-07-16,INV-6802,18263.27,45.0,2025-09-01,2,15638.72,2624.55,0.0,East,Mid-Market,0.8562935334143338
CUST_A,2025-07-17,INV-6244,15344.13,60.0,2025-09-12,-3,15025.87,236.73,81.53,North,SME,0.9792585177523914
CUST_A,2025-07-18,INV-6017,15947.78,45.0,2025-08-30,-2,15365.53,582.25,0.0,East,Mid-Market,0.9634902161931003
CUST_A,2025-07-19,NoInvoice,0.0,0.0,,0,0.0,0.0,0.0,East,Mid-Market,0.0
CUST_A,2025-07-20,INV-6085,13007.17,45.0,2025-09-04,1,10902.82,1777.32,327.03,East,Mid-Market,0.838216153090949
CUST_A,2025-07-21,INV-6907,24341.52,60.0,2025-09-17,-2,20336.75,4004.77,0.0,South,Enterprise,0.8354757632226747
CUST_A,2025-07-22,INV-6537,21723.15,60.0,2025-09-19,-1,20655.66,687.25,380.24,South,Mid-Market,0.9508593366984069
CUST_A,2025-07-23,INV-6169,14456.74,30.0,2025-08-24,2,12690.89,1352.83,413.02,South,Enterprise,0.8778528215904831
CUST_A,2025-07-24,INV-6917,15744.98,30.0,2025-08-21,-2,14426.49,1048.18,270.31,East,Enterprise,0.9162596586340536
CUST_A,2025-07-25,INV-6838,18595.35,60.0,2025-09-25,2,17372.2,1223.15,0.0,East,Enterprise,0.9342228030125812
CUST_A,2025-07-26,INV-6849,19283.83,30.0,2025-08-23,-2,18355.73,670.26,257.84,North,Mid-Market,0.951871593972774
CUST_A,2025-07-27,NoInvoice,0.0,0.0,,0,0.0,0.0,0.0,North,Mid-Market,0.0
CUST_A,2025-07-28,INV-6347,9397.92,45.0,2025-09-10,-1,8507.87,841.48,48.57,South,Enterprise,0.9052928733166489
CUST_A,2025-07-29,INV-6761,24655.72,30.0,2025-08-30,2,20569.39,3832.38,253.95,North,Mid-Market,0.8342644222111542
CUST_A,2025-07-30,INV-6951,6935.86,60.0,2025-09-30,2,6664.16,26.58,245.12,North,Mid-Market,0.9608267756269591
CUST_A,2025-07-31,INV-6296,19850.69,30.0,2025-08-27,-3,19264.36,586.33,0.0,West,Enterprise,0.9704629914627654
CUST_A,2025-08-01,INV-6502,9744.75,60.0,2025-09-30,0,9174.13,554.26,16.36,West,Enterprise,0.9414433412863336
CUST_A,2025-08-02,INV-6909,16775.42,60.0,2025-10-03,2,14510.38,2265.04,0.0,South,Mid-Market,0.8649786413693369
CUST_A,2025-08-03,INV-6734,9474.11,30.0,2025-08-31,-2,7724.12,1468.23,281.76,West,SME,0.8152871351504257
CUST_A,2025-08-04,NoInvoice,0.0,0.0,,0,0.0,0.0,0.0,West,SME,0.0
CUST_A,2025-08-05,INV-6888,11963.42,45.0,2025-09-16,-3,10189.72,1773.7,0.0,East,Mid-Market,0.8517397199128677
CUST_A,2025-08-06,INV-6791,14588.8,30.0,2025-09-06,1,14365.4,102.02,121.38,North,Mid-Market,0.9846868830883966
CUST_A,2025-08-07,INV-6030,19972.76,30.0,2025-09-04,-2,17004.93,2967.83,0.0,North,Enterprise,0.8514061151288055
CUST_A,2025-08-08,NoInvoice,0.0,0.0,,0,0.0,0.0,0.0,North,Enterprise,0.0
CUST_A,2025-08-09,NoInvoice,0.0,0.0,,0,0.0,0.0,0.0,North,Enterprise,0.0
CUST_A,2025-08-10,INV-6684,9310.16,45.0,2025-09-23,-1,8065.97,1244.19,0.0,South,Mid-Market,0.866362124818478
CUST_A,2025-08-11,INV-6232,5175.99,30.0,2025-09-09,-1,4697.68,279.06,199.25,South,Enterprise,0.9075906251750874
CUST_A,2025-08-12,NoInvoice,0.0,0.0,,0,0.0,0.0,0.0,South,Enterprise,0.0
CUST_A,2025-08-13,INV-6490,22997.08,45.0,2025-09-26,-1,22491.85,505.23,0.0,East,SME,0.9780306891135743
CUST_A,2025-08-14,INV-6854,10950.57,30.0,2025-09-12,-1,10346.16,604.41,0.0,South,Enterprise,0.9448056128585087
CUST_A,2025-08-15,INV-6291,18666.5,45.0,2025-09-30,1,17637.35,707.72,321.43,North,Mid-Market,0.9448664720220715
CUST_A,2025-08-16,NoInvoice,0.0,0.0,,0,0.0,0.0,0.0,North,Mid-Market,0.0
CUST_A,2025-08-17,INV-6075,5132.29,60.0,2025-10-14,-2,4298.74,833.55,0.0,North,Enterprise,0.8375871199795802
CUST_A,2025-08-18,NoInvoice,0.0,0.0,,0,0.0,0.0,0.0,North,Enterprise,0.0
CUST_A,2025-08-19,NoInvoice,0.0,0.0,,0,0.0,0.0,0.0,North,Enterprise,0.0
CUST_A,2025-08-20,INV-6996,6266.5,30.0,2025-09-17,-2,5040.35,1226.15,0.0,South,SME,0.8043325620362244
CUST_A,2025-08-21,NoInvoice,0.0,0.0,,0,0.0,0.0,0.0,South,SME,0.0
CUST_A,2025-08-22,INV-6959,20465.84,30.0,2025-09-22,1,19747.5,452.19,266.15,North,SME,0.9649005366992022
CUST_A,2025-08-23,INV-6377,20577.1,45.0,2025-10-08,1,17641.3,2935.8,0.0,West,Mid-Market,0.8573268341991827
CUST_A,2025-08-24,INV-6349,20132.67,30.0,2025-09-20,-3,17761.35,2371.32,0.0,West,Mid-Market,0.8822153246439742
CUST_A,2025-08-25,INV-6440,7093.15,60.0,2025-10-25,1,6508.1,585.05,0.0,South,Enterprise,0.9175190148241614
CUST_A,2025-08-26,NoInvoice,0.0,0.0,,0,0.0,0.0,0.0,South,Enterprise,0.0
CUST_A,2025-08-27,INV-6100,22202.77,30.0,2025-09-27,1,20438.75,1739.6,24.42,East,SME,0.9205495530512634
CUST_A,2025-08-28,INV-6692,23884.97,30.0,2025-09-26,-1,19874.27,4008.69,2.01,West,Enterprise,0.8320826863085865
CUST_A,2025-08-29,NoInvoice,0.0,0.0,,0,0.0,0.0,0.0,West,Enterprise,0.0
CUST_A,2025-08-30,INV-6781,22587.01,45.0,2025-10-16,2,21745.36,841.65,0.0,West,SME,0.9627374318247525
CUST_A,2025-08-31,INV-6562,9785.55,60.0,2025-10-27,-3,8275.78,1440.38,69.39,West,SME,0.8457143441094268
CUST_A,2025-09-01,NoInvoice,0.0,0.0,,0,0.0,0.0,0.0,West,SME,0.0
CUST_A,2025-09-02,INV-6901,13603.88,60.0,2025-10-29,-3,13293.85,310.03,0.0,North,Enterprise,0.9772101782726693
CUST_A,2025-09-03,INV-6693,10887.18,60.0,2025-11-03,1,10574.15,313.03,0.0,South,Mid-Market,0.9712478346091458
CUST_A,2025-09-04,INV-6871,19874.72,60.0,2025-10-31,-3,16046.82,3827.9,0.0,North,SME,0.8073985444826391
CUST_A,2025-09-05,INV-6511,7539.23,45.0,2025-10-21,1,7272.63,266.6,0.0,West,Mid-Market,0.9646382986060912
CUST_A,2025-09-06,INV-6989,5143.68,60.0,2025-11-03,-2,4886.28,0.0,436.35,East,SME,0.9499580067189248
CUST_A,2025-09-07,NoInvoice,0.0,0.0,,0,0.0,0.0,0.0,East,SME,0.0
CUST_A,2025-09-08,NoInvoice,0.0,0.0,,0,0.0,0.0,0.0,East,SME,0.0
CUST_A,2025-09-09,NoInvoice,0.0,0.0,,0,0.0,0.0,0.0,East,SME,0.0
CUST_A,2025-09-10,NoInvoice,0.0,0.0,,0,0.0,0.0,0.0,East,SME,0.0
CUST_A,2025-09-11,INV-6061,7415.23,60.0,2025-11-09,-1,6225.82,1189.41,0.0,North,SME,0.8395990414322955
CUST_A,2025-09-12,NoInvoice,0.0,0.0,,0,0.0,0.0,0.0,North,SME,0.0
CUST_A,2025-09-13,INV-6203,22650.08,30.0,2025-10-15,2,20714.59,1935.49,0.0,East,SME,0.9145482046862528
CUST_A,2025-09-14,NoInvoice,0.0,0.0,,0,0.0,0.0,0.0,East,SME,0.0
CUST_A,2025-09-15,NoInvoice,0.0,0.0,,0,0.0,0.0,0.0,East,SME,0.0
CUST_A,2025-09-16,INV-6403,20378.1,30.0,2025-10-16,0,17149.83,2735.28,492.99,West,Enterprise,0.8415814035655926
CUST_A,2025-09-17,NoInvoice,0.0,0.0,,0,0.0,0.0,0.0,West,Enterprise,0.0
CUST_A,2025-09-18,NoInvoice,0.0,0.0,,0,0.0,0.0,0.0,West,Enterprise,0.0
CUST_A,2025-09-19,INV-6623,5584.6,45.0,2025-11-05,2,4677.99,791.2,115.41,East,Enterprise,0.8376589191705761
CUST_A,2025-09-20,INV-6974,24266.84,30.0,2025-10-21,1,22548.16,1718.68,0.0,North,Enterprise,0.929175780612556
CUST_A,2025-09-21,INV-6305,21885.56,45.0,2025-11-05,0,20300.56,1585.0,0.0,South,SME,0.927577818433707
CUST_A,2025-09-22,INV-6548,6840.31,30.0,2025-10-24,2,5568.75,884.9,386.66,South,SME,0.8141078401417479
CUST_A,2025-09-23,INV-6914,20477.92,30.0,2025-10-20,-3,17771.63,2372.02,334.27,East,SME,0.8678435114503819
CUST_A,2025-09-24,NoInvoice,0.0,0.0,,0,0.0,0.0,0.0,East,SME,0.0
CUST_A,2025-09-25,NoInvoice,0.0,0.0,,0,0.0,0.0,0.0,East,SME,0.0
CUST_A,2025-09-26,INV-6290,23420.39,45.0,2025-11-11,1,22062.93,890.23,467.23,East,Mid-Market,0.9420393938785819
CUST_A,2025-09-27,INV-6713,20826.67,30.0,2025-10-28,1,17336.8,3489.87,0.0,North,SME,0.8324326452572591
CUST_A,2025-09-28,NoInvoice,0.0,0.0,,0,0.0,0.0,0.0,North,SME,0.0
CUST_A,2025-09-29,NoInvoice,0.0,0.0,,0,0.0,0.0,0.0,North,SME,0.0
CUST_A,2025-09-30,INV-6916,15597.38,45.0,2025-11-12,-2,12631.73,2965.65,0.0,East,Enterprise,0.809862297385843
CUST_A,2025-10-01,NoInvoice,0.0,0.0,,0,0.0,0.0,0.0,East,Enterprise,0.0
CUST_A,2025-10-02,INV-6309,6854.0,45.0,2025-11-17,1,6563.73,290.27,0.0,West,SME,0.9576495477093667
CUST_A,2025-10-03,INV-6109,24285.51,45.0,2025-11-15,-2,24222.79,62.72,0.0,East,SME,0.9974173900403986
CUST_A,2025-10-04,NoInvoice,0.0,0.0,,0,0.0,0.0,0.0,East,SME,0.0
CUST_A,2025-10-05,INV-6691,15223.98,45.0,2025-11-17,-2,14441.87,782.11,0.0,North,Enterprise,0.948626443282243
CUST_A,2025-10-06,INV-6940,21953.36,30.0,2025-11-03,-2,18484.56,3067.21,401.59,North,Enterprise,0.8419922963956316
CUST_A,2025-10-07,INV-6545,8014.67,30.0,2025-11-04,-2,6651.04,1363.63,0.0,South,Enterprise,0.8298582474387591
CUST_A,2025-10-08,NoInvoice,0.0,0.0,,0,0.0,0.0,0.0,South,Enterprise,0.0
CUST_A,2025-10-09,INV-6967,5766.7,45.0,2025-11-24,1,4832.36,655.77,278.57,South,Enterprise,0.8379766590944561
CUST_A,2025-10-10,INV-6824,11961.15,45.0,2025-11-25,1,9601.44,2302.22,57.49,North,Enterprise,0.8027188021218696
CUST_A,2025-10-11,INV-6389,18180.63,45.0,2025-11-25,0,15342.74,2837.89,0.0,East,SME,0.8439058492472482
CUST_A,2025-10-12,NoInvoice,0.0,0.0,,0,0.0,0.0,0.0,East,SME,0.0
CUST_A,2025-10-13,INV-6464,19101.39,30.0,2025-11-13,1,16447.47,2653.92,0.0,North,Enterprise,0.8610614201374874
CUST_A,2025-10-14,INV-6834,13381.7,45.0,2025-11-29,1,12775.9,605.8,0.0,South,SME,0.9547292197553374
CUST_A,2025-10-15,NoInvoice,0.0,0.0,,0,0.0,0.0,0.0,South,SME,0.0
CUST_A,2025-10-16,INV-6570,24933.97,30.0,2025-11-14,-1,20840.65,3947.89,145.43,West,Enterprise,0.8358336037141297
CUST_A,2025-10-17,INV-6074,17587.23,45.0,2025-12-01,0,15025.36,2561.87,0.0,South,SME,0.8543335135777493
CUST_A,2025-10-18,INV-6898,10182.58,60.0,2025-12-14,-3,9001.18,1181.4,0.0,West,SME,0.8839783237647041
CUST_A,2025-10-19,INV-6405,16243.11,60.0,2025-12-18,0,13429.82,2813.29,0.0,North,SME,0.8268010251731349
CUST_A,2025-10-20,INV-6207,22577.84,30.0,2025-11-19,0,21897.7,680.14,0.0,West,SME,0.969875771995904
CUST_A,2025-10-21,INV-6823,18070.36,60.0,2025-12-22,2,16227.73,1455.54,387.09,South,Mid-Market,0.8980302550696277
CUST_A,2025-10-22,INV-6121,13612.24,60.0,2025-12-20,-1,12443.79,790.72,377.73,South,SME,0.914161813191657
CUST_A,2025-10-23,NoInvoice,0.0,0.0,,0,0.0,0.0,0.0,South,SME,0.0
CUST_A,2025-10-24,NoInvoice,0.0,0.0,,0,0.0,0.0,0.0,South,SME,0.0
CUST_A,2025-10-25,NoInvoice,0.0,0.0,,0,0.0,0.0,0.0,South,SME,0.0
CUST_A,2025-10-26,INV-6445,7152.68,45.0,2025-12-09,-1,6150.58,1002.1,0.0,East,Enterprise,0.8598986673526566
CUST_A,2025-10-27,INV-6926,7436.02,30.0,2025-11-23,-3,6190.77,1245.25,0.0,East,Enterprise,0.8325381050615787
CUST_A,2025-10-28,NoInvoice,0.0,0.0,,0,0.0,0.0,0.0,East,Enterprise,0.0
CUST_A,2025-10-29,INV-6731,12280.82,30.0,2025-11-30,2,11748.15,532.67,0.0,West,Mid-Market,0.9566258604881432
CUST_A,2025-10-30,NoInvoice,0.0,0.0,,0,0.0,0.0,0.0,West,Mid-Market,0.0
CUST_A,2025-10-31,INV-6314,16777.88,30.0,2025-11-30,0,16320.35,427.74,29.79,South,Mid-Market,0.9727301661473321
CUST_B,2025-05-02,INV-6020,8914.1,60.0,2025-07-04,3,7537.2,1376.9,0.0,East,Enterprise,0.8455368461201915
CUST_B,2025-05-03,INV-6428,9451.24,30.0,2025-05-31,-2,8800.15,651.09,0.0,East,SME,0.9311106267537381
CUST_B,2025-05-04,NoInvoice,0.0,0.0,,0,0.0,0.0,0.0,East,SME,0.0
CUST_B,2025-05-05,INV-6499,17258.46,30.0,2025-06-04,0,17246.21,0.0,198.51,North,SME,0.9992902031815122
CUST_B,2025-05-06,INV-6612,20596.43,30.0,2025-06-03,-2,18706.72,1888.19,1.52,West,SME,0.9082506045950682
CUST_B,2025-05-07,INV-6354,10232.35,30.0,2025-06-07,1,8720.58,1364.95,146.82,South,Enterprise,0.8522558356584753
CUST_B,2025-05-08,INV-6478,23077.35,60.0,2025-07-07,0,18782.99,3960.43,333.93,East,SME,0.8139145092482457
CUST_B,2025-05-09,NoInvoice,0.0,0.0,,0,0.0,0.0,0.0,East,SME,0.0
CUST_B,2025-05-10,INV-6146,23954.26,45.0,2025-06-26,2,20051.09,3603.07,300.1,North,Enterprise,0.8370573751808656
CUST_B,2025-05-11,NoInvoice,0.0,0.0,,0,0.0,0.0,0.0,North,Enterprise,0.0
CUST_B,2025-05-12,INV-6472,19582.24,60.0,2025-07-13,2,17605.92,1976.32,0.0,East,Enterprise,0.8990758973437154
CUST_B,2025-05-13,INV-6193,23684.14,30.0,2025-06-15,3,19179.26,4143.73,361.15,East,Mid-Market,0.8097933891625365
CUST_B,2025-05-14,INV-6800,21648.9,60.0,2025-07-13,0,17665.85,3725.23,257.82,North,Enterprise,0.8160160562430423
CUST_B,2025-05-15,NoInvoice,0.0,0.0,,0,0.0,0.0,0.0,North,Enterprise,0.0
CUST_B,2025-05-16,INV-6243,10217.85,60.0,2025-07-14,-1,9095.47,1122.38,0.0,South,Mid-Market,0.8901549738937251
CUST_B,2025-05-17,INV-6820,20134.21,45.0,2025-07-02,1,17942.97,2191.24,0.0,South,Mid-Market,0.8911683150220446
CUST_B,2025-05-18,INV-6637,20812.88,60.0,2025-07-18,1,19707.39,1105.49,0.0,South,Enterprise,0.946884333162926
CUST_B,2025-05-19,INV-6018,10682.97,30.0,2025-06-20,2,10055.13,627.84,0.0,South,SME,0.9412298265370024
CUST_B,2025-05-20,INV-6381,21146.23,45.0,2025-07-06,2,17688.04,3280.79,177.4,South,Mid-Market,0.8364630480232175
CUST_B,2025-05-21,INV-6178,18801.75,30.0,2025-06-20,0,15137.83,3663.92,0.0,South,Enterprise,0.8051287779063119
CUST_B,2025-05-22,INV-6700,16401.38,30.0,2025-06-22,1,13915.79,2148.76,336.83,West,Enterprise,0.8484523863235899
CUST_B,2025-05-23,INV-6369,6678.14,30.0,2025-06-24,2,6568.61,0.0,494.26,North,Mid-Market,0.9835987265915359
CUST_B,2025-05-24,NoInvoice,0.0,0.0,,0,0.0,0.0,0.0,North,Mid-Market,0.0
CUST_B,2025-05-25,INV-6359,20969.87,30.0,2025-06-27,3,17272.54,3300.58,396.75,West,Enterprise,0.8236836947487038
CUST_B,2025-05-26,NoInvoice,0.0,0.0,,0,0.0,0.0,0.0,West,Enterprise,0.0
CUST_B,2025-05-27,INV-6241,24530.1,45.0,2025-07-14,3,20219.89,4026.55,283.66,North,SME,0.8242889348188552
CUST_B,2025-05-28,NoInvoice,0.0,0.0,,0,0.0,0.0,0.0,North,SME,0.0
CUST_B,2025-05-29,NoInvoice,0.0,0.0,,0,0.0,0.0,0.0,North,SME,0.0
CUST_B,2025-05-30,INV-6419,21580.07,30.0,2025-06-28,-1,18365.16,3214.91,0.0,North,Enterprise,0.8510241162331725
CUST_B,2025-05-31,INV-6326,6530.08,30.0,2025-06-28,-2,5514.49,1015.59,0.0,East,Mid-Market,0.8444751059711366
CUST_B,2025-06-01,INV-6845,12771.43,30.0,2025-06-29,-2,11823.37,948.06,0.0,West,Mid-Market,0.9257671223974137
CUST_B,2025-06-02,NoInvoice,0.0,0.0,,0,0.0,0.0,0.0,West,Mid-Market,0.0
CUST_B,2025-06-03,NoInvoice,0.0,0.0,,0,0.0,0.0,0.0,West,Mid-Market,0.0
CUST_B,2025-06-04,INV-6157,16808.23,30.0,2025-07-06,2,14788.43,2019.8,0.0,South,Enterprise,0.8798326772063448
CUST_B,2025-06-05,INV-6922,7904.22,30.0,2025-07-05,0,6744.72,1149.88,9.62,West,Enterprise,0.853306208582251
CUST_B,2025-06-06,INV-6760,18527.34,60.0,2025-08-04,-1,15339.75,3178.5,9.09,West,SME,0.8279520967391973
CUST_B,2025-06-07,INV-6394,24596.29,60.0,2025-08-08,2,23292.77,1303.52,0.0,East,SME,0.9470033895355763
CUST_B,2025-06-08,INV-6767,5634.82,30.0,2025-07-07,-1,4758.4,389.12,487.3,North,Mid-Market,0.8444635321092776
CUST_B,2025-06-09,NoInvoice,0.0,0.0,,0,0.0,0.0,0.0,North,Mid-Market,0.0
CUST_B,2025-06-10,INV-6483,7197.02,30.0,2025-07-13,3,6001.5,1195.52,0.0,West,SME,0.8338868031490811
CUST_B,2025-06-11,NoInvoice,0.0,0.0,,0,0.0,0.0,0.0,West,SME,0.0
CUST_B,2025-06-12,NoInvoice,0.0,0.0,,0,0.0,0.0,0.0,West,SME,0.0
CUST_B,2025-06-13,NoInvoice,0.0,0.0,,0,0.0,0.0,0.0,West,SME,0.0
CUST_B,2025-06-14,NoInvoice,0.0,0.0,,0,0.0,0.0,0.0,West,SME,0.0
CUST_B,2025-06-15,INV-6640,15218.97,45.0,2025-07-31,1,13070.71,1757.56,390.7,North,Enterprise,0.8588432725736367
CUST_B,2025-06-16,INV-6747,24086.72,30.0,2025-07-16,0,22924.44,939.25,223.03,South,Enterprise,0.9517460243652933
CUST_B,2025-06-17,INV-6551,21125.31,45.0,2025-08-02,1,19120.33,2004.98,0.0,East,SME,0.9050910968880457
CUST_B,2025-06-18,INV-6036,9660.88,30.0,2025-07-16,-2,8837.47,781.79,41.62,South,Mid-Market,0.9147686339132667
CUST_B,2025-06-19,INV-6226,6881.39,60.0,2025-08-16,-2,6626.5,0.0,449.62,South,Mid-Market,0.9629595183531234
CUST_B,2025-06-20,INV-6601,23155.76,60.0,2025-08-19,0,20832.41,1945.42,377.93,South,Mid-Market,0.8996642735975844
CUST_B,2025-06-21,NoInvoice,0.0,0.0,,0,0.0,0.0,0.0,South,Mid-Market,0.0
CUST_B,2025-06-22,NoInvoice,0.0,0.0,,0,0.0,0.0,0.0,South,Mid-Market,0.0
CUST_B,2025-06-23,NoInvoice,0.0,0.0,,0,0.0,0.0,0.0,South,Mid-Market,0.0
CUST_B,2025-06-24,INV-6425,10854.37,30.0,2025-07-22,-2,9284.27,1570.1,0.0,North,Enterprise,0.8553485831052378
CUST_B,2025-06-25,INV-6639,19916.5,45.0,2025-08-12,3,17152.43,2673.26,90.81,North,Enterprise,0.861217081314488
CUST_B,2025-06-26,INV-6703,5167.56,45.0,2025-08-11,1,4291.05,876.51,0.0,North,Mid-Market,0.8303822306852751
CUST_B,2025-06-27,NoInvoice,0.0,0.0,,0,0.0,0.0,0.0,North,Mid-Market,0.0
CUST_B,2025-06-28,INV-6007,21016.8,30.0,2025-07-27,-1,16963.37,4053.43,0.0,North,Enterprise,0.807133816756119
CUST_B,2025-06-29,INV-6533,20351.48,30.0,2025-07-30,1,16795.53,3555.95,0.0,South,Enterprise,0.8252731496677391
CUST_B,2025-06-30,INV-6312,20016.63,30.0,2025-08-02,3,17549.38,2438.43,28.82,West,Enterprise,0.8767399906977349
CUST_B,2025-07-01,NoInvoice,0.0,0.0,,0,0.0,0.0,0.0,West,Enterprise,0.0
CUST_B,2025-07-02,INV-6431,5698.15,45.0,2025-08-18,2,5218.89,479.26,0.0,South,Enterprise,0.9158920000350992
CUST_B,2025-07-03,INV-6263,14648.37,60.0,2025-09-02,1,11895.36,2753.01,0.0,South,Mid-Market,0.8120603179739452
CUST_B,2025-07-04,NoInvoice,0.0,0.0,,0,0.0,0.0,0.0,South,Mid-Market,0.0
CUST_B,2025-07-05,NoInvoice,0.0,0.0,,0,0.0,0.0,0.0,South,Mid-Market,0.0
CUST_B,2025-07-06,INV-6660,16642.01,30.0,2025-08-06,1,14183.47,2086.72,371.82,North,SME,0.8522690468278772
CUST_B,2025-07-07,INV-6199,24284.66,45.0,2025-08-22,1,23492.61,573.44,218.61,North,Enterprise,0.967384760585489
CUST_B,2025-07-08,INV-6285,13789.6,60.0,2025-09-06,0,12460.33,1254.52,74.75,South,SME,0.9036034402738296
CUST_B,2025-07-09,NoInvoice,0.0,0.0,,0,0.0,0.0,0.0,South,SME,0.0
CUST_B,2025-07-10,INV-6480,20127.98,30.0,2025-08-09,0,19814.88,313.1,0.0,North,Enterprise,0.9844445393924279
CUST_B,2025-07-11,INV-6818,18785.37,45.0,2025-08-27,2,17723.87,1061.5,0.0,West,SME,0.9434932609791555
CUST_B,2025-07-12,INV-6072,21642.03,45.0,2025-08-27,1,20289.55,1137.4,215.08,West,Enterprise,0.937506786562998
CUST_B,2025-07-13,NoInvoice,0.0,0.0,,0,0.0,0.0,0.0,West,Enterprise,0.0
CUST_B,2025-07-14,INV-6489,23361.8,60.0,2025-09-14,2,21793.79,1106.31,461.7,South,Mid-Market,0.9328814560521879
CUST_B,2025-07-15,INV-6027,21304.97,45.0,2025-08-27,-2,17892.12,3249.29,163.56,South,Mid-Market,0.8398096782112342
CUST_B,2025-07-16,NoInvoice,0.0,0.0,,0,0.0,0.0,0.0,South,Mid-Market,0.0
CUST_B,2025-07-17,INV-6964,8435.35,30.0,2025-08-19,3,7283.49,1151.86,0.0,South,SME,0.8634484639048764
CUST_B,2025-07-18,INV-6195,15147.37,30.0,2025-08-17,0,12172.53,2579.89,394.95,West,SME,0.8036068307567584
CUST_B,2025-07-19,INV-6133,20254.12,60.0,2025-09-15,-2,19687.25,566.87,0.0,East,Enterprise,0.9720121140785184
CUST_B,2025-07-20,INV-6524,23061.13,60.0,2025-09-21,3,21937.52,1123.61,0.0,South,Mid-Market,0.9512768888601729
CUST_B,2025-07-21,NoInvoice,0.0,0.0,,0,0.0,0.0,0.0,South,Mid-Market,0.0
CUST_B,2025-07-22,INV-6348,21259.46,30.0,2025-08-21,0,17311.5,3784.03,163.93,East,SME,0.8142963179685656
CUST_B,2025-07-23,INV-6391,10097.86,45.0,2025-09-04,-2,9424.13,369.37,304.36,North,SME,0.9332799226766858
CUST_B,2025-07-24,NoInvoice,0.0,0.0,,0,0.0,0.0,0.0,North,SME,0.0
CUST_B,2025-07-25,NoInvoice,0.0,0.0,,0,0.0,0.0,0.0,North,SME,0.0
CUST_B,2025-07-26,INV-6651,9134.9,45.0,2025-09-08,-1,8692.51,337.62,104.77,East,SME,0.9515714457739002
CUST_B,2025-07-27,INV-6567,9415.83,60.0,2025-09-28,3,8714.64,285.66,415.53,West,SME,0.9255307285709279
CUST_B,2025-07-28,INV-6852,10382.43,45.0,2025-09-13,2,9251.7,1130.73,0.0,West,SME,0.8910919697989778
CUST_B,2025-07-29,INV-6773,7473.46,60.0,2025-09-30,3,7072.7,0.0,450.27,North,SME,0.9463755743658225
CUST_B,2025-07-30,INV-6955,13730.19,60.0,2025-09-29,1,11350.16,2372.93,7.1,South,Mid-Market,0.8266571693472559
CUST_B,2025-07-31,INV-6144,13387.96,45.0,2025-09-17,3,12677.33,405.82,304.81,North,SME,0.9469202178673973
CUST_B,2025-08-01,INV-6357,20441.68,30.0,2025-09-02,2,16943.46,3215.11,283.11,East,Mid-Market,0.8288682730577916
CUST_B,2025-08-02,INV-6536,12955.42,30.0,2025-09-04,3,12319.13,636.29,0.0,North,SME,0.9508861928057909
CUST_B,2025-08-03,INV-6739,13616.1,45.0,2025-09-18,1,12226.25,1137.6,252.25,North,Mid-Market,0.8979259846799009
CUST_B,2025-08-04,INV-6586,18709.31,30.0,2025-09-06,3,16156.56,2365.38,187.37,North,Enterprise,0.8635572343394812
CUST_B,2025-08-05,NoInvoice,0.0,0.0,,0,0.0,0.0,0.0,North,Enterprise,0.0
CUST_B,2025-08-06,INV-6376,16837.81,60.0,2025-10-08,3,15169.49,1589.75,78.57,South,Mid-Market,0.900918231052613
CUST_B,2025-08-07,NoInvoice,0.0,0.0,,0,0.0,0.0,0.0,South,Mid-Market,0.0
CUST_B,2025-08-08,INV-6903,16281.54,60.0,2025-10-06,-1,15023.81,1257.73,0.0,West,Enterprise,0.9227511648161045
CUST_B,2025-08-09,INV-6650,18411.92,30.0,2025-09-11,3,16860.12,1515.17,36.63,West,Enterprise,0.9157176437872857
CUST_B,2025-08-10,INV-6809,15056.9,30.0,2025-09-11,2,12468.91,2200.44,387.55,West,Enterprise,0.828119333993053
CUST_B,2025-08-11,NoInvoice,0.0,0.0,,0,0.0,0.0,0.0,West,Enterprise,0.0
CUST_B,2025-08-12,NoInvoice,0.0,0.0,,0,0.0,0.0,0.0,West,Enterprise,0.0
CUST_B,2025-08-13,NoInvoice,0.0,0.0,,0,0.0,0.0,0.0,West,Enterprise,0.0
CUST_B,2025-08-14,INV-6566,23413.32,60.0,2025-10-14,1,21215.74,1973.0,224.58,West,SME,0.9061397529269665
CUST_B,2025-08-15,NoInvoice,0.0,0.0,,0,0.0,0.0,0.0,West,SME,0.0
CUST_B,2025-08-16,INV-6530,5054.16,45.0,2025-10-01,1,4184.46,869.7,0.0,East,Mid-Market,0.8279239280117765
CUST_B,2025-08-17,NoInvoice,0.0,0.0,,0,0.0,0.0,0.0,East,Mid-Market,0.0
CUST_B,2025-08-18,INV-6163,7640.34,45.0,2025-10-03,1,6135.34,1505.0,0.0,East,Enterprise,0.8030192373637822
CUST_B,2025-08-19,INV-6654,22460.11,60.0,2025-10-18,0,19080.54,3379.57,0.0,West,Enterprise,0.8495301225149833
CUST_B,2025-08-20,INV-6568,14614.56,60.0,2025-10-18,-1,12671.8,1462.34,480.42,West,Enterprise,0.8670668155592779
CUST_B,2025-08-21,NoInvoice,0.0,0.0,,0,0.0,0.0,0.0,West,Enterprise,0.0
CUST_B,2025-08-22,NoInvoice,0.0,0.0,,0,0.0,0.0,0.0,West,Enterprise,0.0
CUST_B,2025-08-23,NoInvoice,0.0,0.0,,0,0.0,0.0,0.0,West,Enterprise,0.0
CUST_B,2025-08-24,INV-6881,22699.19,30.0,2025-09-25,2,22214.24,484.95,0.0,West,Enterprise,0.9786358015418173
CUST_B,2025-08-25,INV-6338,20857.48,30.0,2025-09-23,-1,20833.45,24.03,0.0,West,SME,0.9988478953353905
CUST_B,2025-08-26,NoInvoice,0.0,0.0,,0,0.0,0.0,0.0,West,SME,0.0
CUST_B,2025-08-27,INV-6087,5295.39,30.0,2025-09-28,2,5104.96,0.0,433.29,West,Mid-Market,0.9640385316284541
CUST_B,2025-08-28,NoInvoice,0.0,0.0,,0,0.0,0.0,0.0,West,Mid-Market,0.0
CUST_B,2025-08-29,INV-6474,24001.42,45.0,2025-10-16,3,23634.24,4.22,362.96,South,Mid-Market,0.9847017384804734
CUST_B,2025-08-30,INV-6090,8313.54,30.0,2025-09-28,-1,8128.85,0.0,277.16,East,Enterprise,0.977784433586655
CUST_B,2025-08-31,INV-6814,21369.14,30.0,2025-10-02,2,17555.32,3789.09,24.73,West,SME,0.8215267437061108
CUST_B,2025-09-01,NoInvoice,0.0,0.0,,0,0.0,0.0,0.0,West,SME,0.0
CUST_B,2025-09-02,INV-6994,16667.15,60.0,2025-11-01,0,15389.25,1277.9,0.0,North,Mid-Market,0.923328223481519
CUST_B,2025-09-03,INV-6306,14476.7,60.0,2025-11-03,1,12745.72,1488.08,242.9,West,SME,0.8804299322359377
CUST_B,2025-09-04,NoInvoice,0.0,0.0,,0,0.0,0.0,0.0,West,SME,0.0
CUST_B,2025-09-05,INV-6780,12252.34,45.0,2025-10-21,1,10454.15,1515.26,282.93,East,Enterprise,0.8532370143172651
CUST_B,2025-09-06,INV-6622,12596.59,30.0,2025-10-09,3,11219.82,1131.19,245.58,South,Enterprise,0.8907029600868172
CUST_B,2025-09-07,NoInvoice,0.0,0.0,,0,0.0,0.0,0.0,South,Enterprise,0.0
CUST_B,2025-09-08,NoInvoice,0.0,0.0,,0,0.0,0.0,0.0,South,Enterprise,0.0
CUST_B,2025-09-09,INV-6083,12905.85,30.0,2025-10-12,3,10389.33,2516.52,0.0,East,SME,0.8050093562221783
CUST_B,2025-09-10,INV-6833,18192.93,60.0,2025-11-09,0,15354.35,2838.58,0.0,South,Mid-Market,0.8439734556225963
CUST_B,2025-09-11,INV-6134,19489.35,30.0,2025-10-13,2,18495.5,993.85,0.0,East,SME,0.9490054824814579
CUST_B,2025-09-12,INV-6284,11000.02,30.0,2025-10-11,-1,8965.92,2034.1,0.0,South,Enterprise,0.8150821543960829
CUST_B,2025-09-13,INV-6944,5345.69,30.0,2025-10-16,3,4678.67,667.02,0.0,North,SME,0.8752228430754496
CUST_B,2025-09-14,NoInvoice,0.0,0.0,,0,0.0,0.0,0.0,North,SME,0.0
CUST_B,2025-09-15,INV-6198,9416.08,45.0,2025-11-02,3,9121.71,35.62,258.75,West,Enterprise,0.9687375213464625
CUST_B,2025-09-16,INV-6165,17577.95,45.0,2025-11-03,3,17059.09,518.86,0.0,South,Enterprise,0.9704823372463797
CUST_B,2025-09-17,INV-6722,17925.06,45.0,2025-11-01,0,15236.74,2688.32,0.0,East,SME,0.8500244908524712
CUST_B,2025-09-18,INV-6068,15006.4,30.0,2025-10-16,-2,13979.96,568.3,458.14,East,Enterprise,0.931599850730355
CUST_B,2025-09-19,INV-6829,24996.45,60.0,2025-11-20,2,21589.35,3407.1,0.0,South,Mid-Market,0.8636966449235791
CUST_B,2025-09-20,INV-6238,17900.88,30.0,2025-10-21,1,16183.29,1717.59,0.0,South,SME,0.9040499684931691
CUST_B,2025-09-21,NoInvoice,0.0,0.0,,0,0.0,0.0,0.0,South,SME,0.0
CUST_B,2025-09-22,INV-6424,20208.81,30.0,2025-10-24,2,16612.19,3107.27,489.35,West,Mid-Market,0.8220271257931564
CUST_B,2025-09-23,NoInvoice,0.0,0.0,,0,0.0,0.0,0.0,West,Mid-Market,0.0
CUST_B,2025-09-24,INV-6344,11706.64,60.0,2025-11-23,0,11553.7,0.0,488.88,West,Mid-Market,0.9869356194433245
CUST_B,2025-09-25,NoInvoice,0.0,0.0,,0,0.0,0.0,0.0,West,Mid-Market,0.0
CUST_B,2025-09-26,NoInvoice,0.0,0.0,,0,0.0,0.0,0.0,West,Mid-Market,0.0
CUST_B,2025-09-27,INV-6506,19948.96,45.0,2025-11-14,3,16830.99,3117.97,0.0,South,Enterprise,0.8437026291094876
CUST_B,2025-09-28,INV-6999,8573.11,30.0,2025-10-31,3,7372.79,707.64,492.68,West,SME,0.8599901319357852
CUST_B,2025-09-29,INV-6978,10128.85,30.0,2025-10-30,1,9003.32,662.17,463.36,East,Enterprise,0.8888787967044629
CUST_B,2025-09-30,INV-6933,23857.8,45.0,2025-11-16,2,22691.38,910.78,255.64,West,Enterprise,0.9511094903972706
CUST_B,2025-10-01,INV-6450,8681.29,60.0,2025-12-03,3,7371.17,904.03,406.09,East,SME,0.8490869444518038
CUST_B,2025-10-02,INV-6172,20363.88,60.0,2025-12-02,1,16639.39,3663.41,61.08,West,SME,0.81710312573046
CUST_B,2025-10-03,INV-6970,10142.42,30.0,2025-11-04,2,8835.27,1093.16,213.99,West,Enterprise,0.8711205018131768
CUST_B,2025-10-04,INV-6150,14632.54,30.0,2025-11-03,0,13916.22,366.69,349.63,West,Enterprise,0.9510460931594924
CUST_B,2025-10-05,INV-6069,8578.66,45.0,2025-11-20,1,7935.88,598.85,43.93,South,SME,0.9250722140753918
CUST_B,2025-10-06,INV-6379,13567.69,60.0,2025-12-06,1,10990.36,2577.33,0.0,North,Mid-Market,0.8100391444674813
CUST_B,2025-10-07,INV-6749,21567.41,30.0,2025-11-09,3,20837.82,729.59,0.0,South,Mid-Market,0.966171645088585
CUST_B,2025-10-08,INV-6582,6423.2,30.0,2025-11-09,2,5604.57,818.63,0.0,South,Enterprise,0.8725510648897745
CUST_B,2025-10-09,INV-6515,22883.37,45.0,2025-11-21,-2,20862.55,1952.82,68.0,West,Enterprise,0.9116904546839036
CUST_B,2025-10-10,INV-6416,20300.11,30.0,2025-11-07,-2,16550.05,3750.06,0.0,North,SME,0.8152689813010865
CUST_B,2025-10-11,INV-6427,15330.37,30.0,2025-11-11,1,14191.52,1138.85,0.0,North,Mid-Market,0.9257128171074801
CUST_B,2025-10-12,INV-6766,9856.89,60.0,2025-12-12,1,9450.17,406.72,0.0,North,Enterprise,0.9587374922516129
CUST_B,2025-10-13,NoInvoice,0.0,0.0,,0,0.0,0.0,0.0,North,Enterprise,0.0
CUST_B,2025-10-14,NoInvoice,0.0,0.0,,0,0.0,0.0,0.0,North,Enterprise,0.0
CUST_B,2025-10-15,NoInvoice,0.0,0.0,,0,0.0,0.0,0.0,North,Enterprise,0.0
CUST_B,2025-10-16,INV-6705,5810.98,30.0,2025-11-15,0,4815.31,995.67,0.0,North,SME,0.8286571284017499
CUST_B,2025-10-17,NoInvoice,0.0,0.0,,0,0.0,0.0,0.0,North,SME,0.0
CUST_B,2025-10-18,INV-6788,24512.25,30.0,2025-11-20,3,23344.18,1168.07,0.0,North,SME,0.952347499719528
CUST_B,2025-10-19,INV-6370,10534.99,30.0,2025-11-20,2,9322.91,1212.08,0.0,West,Enterprise,0.8849472092522157
CUST_B,2025-10-20,INV-6341,18336.48,45.0,2025-12-07,3,18330.28,6.2,0.0,West,Mid-Market,0.9996618762161549
CUST_B,2025-10-21,INV-6409,15678.73,45.0,2025-12-04,-1,13703.05,1729.58,246.1,South,SME,0.8739897938162083
CUST_B,2025-10-22,INV-6414,17598.71,45.0,2025-12-09,3,15224.19,2374.52,0.0,South,SME,0.8650742014613572
CUST_B,2025-10-23,NoInvoice,0.0,0.0,,0,0.0,0.0,0.0,South,SME,0.0
CUST_B,2025-10-24,NoInvoice,0.0,0.0,,0,0.0,0.0,0.0,South,SME,0.0
CUST_B,2025-10-25,INV-6189,5050.38,60.0,2025-12-24,0,4391.51,535.61,123.26,North,Mid-Market,0.8695405098230232
CUST_B,2025-10-26,INV-6019,12831.97,45.0,2025-12-09,-1,12050.21,735.18,46.58,East,SME,0.9390771643013505
CUST_B,2025-10-27,INV-6613,24771.98,45.0,2025-12-11,0,24744.42,0.0,412.08,West,Mid-Market,0.998887452678389
CUST_B,2025-10-28,INV-6079,21641.72,30.0,2025-11-26,-1,21552.52,89.2,0.0,East,Enterprise,0.9958783312971428
CUST_B,2025-10-29,INV-6561,9070.81,60.0,2025-12-31,3,8723.54,347.27,0.0,West,Mid-Market,0.9617156571463851
CUST_B,2025-10-30,INV-6759,10260.9,45.0,2025-12-17,3,8248.34,2012.56,0.0,West,Enterprise,0.8038612597335517
CUST_B,2025-10-31,INV-6751,19723.23,45.0,2025-12-16,1,19415.59,307.64,0.0,South,Mid-Market,0.9844021491408862
CUST_C,2025-05-01,INV-6304,20689.85,45.0,2025-07-01,16,19906.48,678.0,105.37,East,Mid-Market,0.9621374732054607
CUST_C,2025-05-02,INV-6883,15002.11,30.0,2025-06-22,21,12196.41,2430.41,375.29,North,SME,0.8129796408638518
CUST_C,2025-05-03,INV-6443,15712.17,30.0,2025-06-21,19,14485.33,904.52,322.32,South,Mid-Market,0.9219178509397492
CUST_C,2025-05-04,INV-6522,14298.69,60.0,2025-07-24,21,14255.14,43.55,0.0,East,Mid-Market,0.9969542664397927
CUST_C,2025-05-05,INV-6708,20756.53,45.0,2025-07-07,18,19019.46,1371.04,366.03,South,Mid-Market,0.9163121196076608
CUST_C,2025-05-06,INV-6497,15707.45,45.0,2025-07-07,17,14218.27,1489.18,0.0,West,Enterprise,0.9051927588500998
CUST_C,2025-05-07,INV-6439,5044.2,45.0,2025-07-11,20,4536.23,507.97,0.0,East,Enterprise,0.8992962214027992
CUST_C,2025-05-08,INV-6668,5454.11,60.0,2025-08-02,26,5285.48,0.0,312.94,East,SME,0.969082031715532
CUST_C,2025-05-09,NoInvoice,0.0,0.0,,0,0.0,0.0,0.0,East,SME,0.0
CUST_C,2025-05-10,INV-6647,18071.87,60.0,2025-07-28,19,16774.8,1297.07,0.0,North,Mid-Market,0.9282271286812046
CUST_C,2025-05-11,INV-6859,9766.29,30.0,2025-07-03,23,9549.32,216.97,0.0,East,SME,0.9777837848353877
CUST_C,2025-05-12,NoInvoice,0.0,0.0,,0,0.0,0.0,0.0,East,SME,0.0
CUST_C,2025-05-13,INV-6435,18682.1,60.0,2025-08-02,21,16220.32,2461.78,0.0,East,Enterprise,0.8682278758811911
CUST_C,2025-05-14,NoInvoice,0.0,0.0,,0,0.0,0.0,0.0,East,Enterprise,0.0
CUST_C,2025-05-15,INV-6084,8227.15,60.0,2025-08-01,18,8098.22,0.0,208.06,North,Enterprise,0.9843287165057159
CUST_C,2025-05-16,INV-6667,19013.87,30.0,2025-07-09,24,18111.68,754.27,147.92,South,Mid-Market,0.9525509535933506
CUST_C,2025-05-17,NoInvoice,0.0,0.0,,0,0.0,0.0,0.0,South,Mid-Market,0.0
CUST_C,2025-05-18,INV-6772,24161.61,60.0,2025-08-08,22,20748.05,3413.56,0.0,West,Enterprise,0.8587196796902192
CUST_C,2025-05-19,INV-6611,14606.68,60.0,2025-08-13,26,14342.38,264.3,0.0,West,Mid-Market,0.9819055391095033
CUST_C,2025-05-20,INV-6415,7586.41,60.0,2025-08-04,16,7289.45,168.39,128.57,North,Mid-Market,0.9608563207103228
CUST_C,2025-05-21,NoInvoice,0.0,0.0,,0,0.0,0.0,0.0,North,Mid-Market,0.0
CUST_C,2025-05-22,NoInvoice,0.0,0.0,,0,0.0,0.0,0.0,North,Mid-Market,0.0
CUST_C,2025-05-23,INV-6137,21887.73,60.0,2025-08-20,29,18191.39,3696.34,0.0,East,Enterprise,0.8311227340615038
CUST_C,2025-05-24,NoInvoice,0.0,0.0,,0,0.0,0.0,0.0,East,Enterprise,0.0
CUST_C,2025-05-25,NoInvoice,0.0,0.0,,0,0.0,0.0,0.0,East,Enterprise,0.0
CUST_C,2025-05-26,NoInvoice,0.0,0.0,,0,0.0,0.0,0.0,East,Enterprise,0.0
CUST_C,2025-05-27,INV-6487,24503.94,30.0,2025-07-19,23,21512.04,2652.13,339.77,East,SME,0.8779012681225958
CUST_C,2025-05-28,NoInvoice,0.0,0.0,,0,0.0,0.0,0.0,East,SME,0.0
CUST_C,2025-05-29,NoInvoice,0.0,0.0,,0,0.0,0.0,0.0,East,SME,0.0
CUST_C,2025-05-30,NoInvoice,0.0,0.0,,0,0.0,0.0,0.0,East,SME,0.0
CUST_C,2025-05-31,INV-6558,10942.32,60.0,2025-08-23,24,10415.95,465.86,60.51,East,Mid-Market,0.9518959416284665
CUST_C,2025-06-01,INV-6840,17271.13,30.0,2025-07-16,15,14804.41,2466.72,0.0,West,Enterprise,0.8571766873389292
CUST_C,2025-06-02,INV-6479,14840.14,60.0,2025-08-31,30,12119.6,2720.54,0.0,West,Mid-Market,0.8166769316192436
CUST_C,2025-06-03,INV-6915,5851.29,60.0,2025-08-17,15,4769.59,621.97,459.73,North,Enterprise,0.8151347822445991
CUST_C,2025-06-04,INV-6962,11630.6,60.0,2025-08-30,27,10745.54,885.06,0.0,West,Mid-Market,0.9239024641892938
CUST_C,2025-06-05,INV-6985,16081.71,30.0,2025-07-23,18,15044.69,1037.02,0.0,East,Enterprise,0.9355155639543308
CUST_C,2025-06-06,INV-6385,24348.87,60.0,2025-09-03,29,24225.89,82.25,40.73,North,SME,0.9949492522650949
CUST_C,2025-06-07,INV-6333,22484.2,45.0,2025-08-15,24,22206.8,0.0,421.54,East,SME,0.9876624474075127
CUST_C,2025-06-08,INV-6339,20735.6,60.0,2025-08-25,18,16986.32,3568.64,180.64,South,SME,0.819186326896738
CUST_C,2025-06-09,INV-6505,17024.51,60.0,2025-08-30,22,14198.3,2826.21,0.0,North,SME,0.8339916978520968
CUST_C,2025-06-10,INV-6753,16799.73,45.0,2025-08-09,15,13989.47,2611.92,198.34,North,Enterprise,0.8327199306179325
CUST_C,2025-06-11,INV-6122,24663.19,45.0,2025-08-22,27,21704.43,2958.76,0.0,West,SME,0.8800333614589192
CUST_C,2025-06-12,INV-6242,17855.66,30.0,2025-07-30,18,15884.33,1971.33,0.0,North,Enterprise,0.8895963520810768
CUST_C,2025-06-13,NoInvoice,0.0,0.0,,0,0.0,0.0,0.0,North,Enterprise,0.0
CUST_C,2025-06-14,INV-6013,13311.19,60.0,2025-09-09,27,12075.45,1235.74,0.0,North,SME,0.9071653248131835
CUST_C,2025-06-15,INV-6298,23124.49,45.0,2025-08-15,16,18943.69,4180.8,0.0,North,SME,0.8192046613784778
CUST_C,2025-06-16,INV-6234,22162.01,45.0,2025-08-25,25,21102.62,668.48,390.91,East,Mid-Market,0.9521979278955294
CUST_C,2025-06-17,NoInvoice,0.0,0.0,,0,0.0,0.0,0.0,East,Mid-Market,0.0
CUST_C,2025-06-18,NoInvoice,0.0,0.0,,0,0.0,0.0,0.0,East,Mid-Market,0.0
CUST_C,2025-06-19,INV-6571,16697.18,30.0,2025-08-15,27,16557.23,139.95,0.0,North,Enterprise,0.9916183451337292
CUST_C,2025-06-20,INV-6437,23030.87,30.0,2025-08-12,23,21517.11,1513.76,0.0,North,Enterprise,0.934272565474079
CUST_C,2025-06-21,INV-6689,22557.96,45.0,2025-08-30,25,20138.94,2411.11,7.91,West,Enterprise,0.8927642393195129
CUST_C,2025-06-22,INV-6346,8598.71,60.0,2025-09-05,15,7871.0,727.71,0.0,South,Enterprise,0.9153698636190778
CUST_C,2025-06-23,INV-6170,10037.61,60.0,2025-09-12,21,8134.12,1903.49,0.0,South,Mid-Market,0.8103642201679483
CUST_C,2025-06-24,NoInvoice,0.0,0.0,,0,0.0,0.0,0.0,South,Mid-Market,0.0
CUST_C,2025-06-25,INV-6143,23961.17,30.0,2025-08-23,29,20515.18,3050.15,395.84,South,Enterprise,0.8561844016798846
CUST_C,2025-06-26,INV-6265,17509.4,30.0,2025-08-21,26,14770.33,2739.07,0.0,West,Mid-Market,0.8435657418301026
CUST_C,2025-06-27,INV-6986,11638.01,45.0,2025-09-09,29,9312.87,2206.08,119.06,West,SME,0.800211548194236
CUST_C,2025-06-28,INV-6868,22925.1,30.0,2025-08-15,18,22022.23,902.87,0.0,West,SME,0.9606165294807875
CUST_C,2025-06-29,INV-6758,22409.78,30.0,2025-08-14,16,21085.45,1324.33,0.0,South,Enterprise,0.9409039267676881
CUST_C,2025-06-30,NoInvoice,0.0,0.0,,0,0.0,0.0,0.0,South,Enterprise,0.0
CUST_C,2025-07-01,INV-6839,13656.33,60.0,2025-09-17,18,11629.47,1562.23,464.63,West,SME,0.8515809152239291
CUST_C,2025-07-02,INV-6059,11247.84,45.0,2025-09-10,25,10445.58,802.26,0.0,North,Enterprise,0.9286743054666495
CUST_C,2025-07-03,NoInvoice,0.0,0.0,,0,0.0,0.0,0.0,North,Enterprise,0.0
CUST_C,2025-07-04,NoInvoice,0.0,0.0,,0,0.0,0.0,0.0,North,Enterprise,0.0
CUST_C,2025-07-05,INV-6216,21423.49,60.0,2025-10-03,30,21368.57,54.92,0.0,West,Enterprise,0.9974364587655885
CUST_C,2025-07-06,INV-6469,23293.65,45.0,2025-09-09,20,19448.7,3844.95,0.0,East,Enterprise,0.8349357013606712
CUST_C,2025-07-07,INV-6782,13236.32,45.0,2025-09-14,24,11120.69,2042.5,73.13,West,SME,0.840164789004799
CUST_C,2025-07-08,INV-6626,18824.09,45.0,2025-09-11,20,17200.53,1623.56,0.0,West,Mid-Market,0.9137509436047107
CUST_C,2025-07-09,INV-6910,7673.76,30.0,2025-08-27,19,7076.19,597.57,0.0,North,Mid-Market,0.92212813535998
CUST_C,2025-07-10,INV-6610,6555.73,60.0,2025-10-05,27,6225.79,0.0,449.47,South,SME,0.9496715087412081
CUST_C,2025-07-11,INV-6890,5847.01,60.0,2025-09-26,17,5221.0,314.55,311.46,North,Mid-Market,0.892935021489616
CUST_C,2025-07-12,NoInvoice,0.0,0.0,,0,0.0,0.0,0.0,North,Mid-Market,0.0
CUST_C,2025-07-13,INV-6752,8266.02,30.0,2025-08-31,19,7486.22,294.52,485.28,West,SME,0.9056619751706383
CUST_C,2025-07-14,INV-6201,24083.16,60.0,2025-09-30,18,23875.02,0.0,253.27,North,SME,0.9913574464480575
CUST_C,2025-07-15,NoInvoice,0.0,0.0,,0,0.0,0.0,0.0,North,SME,0.0
CUST_C,2025-07-16,NoInvoice,0.0,0.0,,0,0.0,0.0,0.0,North,SME,0.0
CUST_C,2025-07-17,INV-6905,8147.94,60.0,2025-10-07,22,7897.07,0.0,286.83,East,Mid-Market,0.9692106225622673
CUST_C,2025-07-18,NoInvoice,0.0,0.0,,0,0.0,0.0,0.0,East,Mid-Market,0.0
CUST_C,2025-07-19,NoInvoice,0.0,0.0,,0,0.0,0.0,0.0,East,Mid-Market,0.0
CUST_C,2025-07-20,INV-6728,12386.09,30.0,2025-09-13,25,10695.61,1202.99,487.49,East,Enterprise,0.8635178656056915
CUST_C,2025-07-21,INV-6301,9677.95,60.0,2025-10-04,15,8285.66,1226.33,165.96,West,Enterprise,0.8561379217706229
CUST_C,2025-07-22,INV-6716,24246.77,45.0,2025-09-23,18,22694.76,1434.42,117.59,West,Enterprise,0.9359910619022657
CUST_C,2025-07-23,INV-6269,12178.34,60.0,2025-10-07,16,10709.18,1469.16,0.0,South,Enterprise,0.8793628688310559
CUST_C,2025-07-24,INV-6456,11614.86,60.0,2025-10-08,16,10508.85,1043.35,62.66,East,Mid-Market,0.9047762951942597
CUST_C,2025-07-25,NoInvoice,0.0,0.0,,0,0.0,0.0,0.0,East,Mid-Market,0.0
CUST_C,2025-07-26,NoInvoice,0.0,0.0,,0,0.0,0.0,0.0,East,Mid-Market,0.0
CUST_C,2025-07-27,NoInvoice,0.0,0.0,,0,0.0,0.0,0.0,East,Mid-Market,0.0
CUST_C,2025-07-28,INV-6476,19981.99,30.0,2025-09-23,27,17662.27,2123.47,196.25,West,Mid-Market,0.8839094604691524
CUST_C,2025-07-29,NoInvoice,0.0,0.0,,0,0.0,0.0,0.0,West,Mid-Market,0.0
CUST_C,2025-07-30,INV-6658,19887.38,60.0,2025-10-19,21,16068.88,3540.51,277.99,North,Mid-Market,0.8079938131619147
CUST_C,2025-07-31,INV-6486,24124.05,30.0,2025-09-29,30,20264.34,3859.71,0.0,West,Mid-Market,0.8400057204325144
CUST_C,2025-08-01,INV-6159,14414.73,30.0,2025-09-28,28,12636.16,1778.57,0.0,West,SME,0.8766144076233131
CUST_C,2025-08-02,INV-6630,24156.06,45.0,2025-10-08,22,20370.14,3785.92,0.0,East,Mid-Market,0.8432724541998984
CUST_C,2025-08-03,INV-6371,20669.51,45.0,2025-10-06,19,19671.53,997.98,0.0,East,Mid-Market,0.9517172879279674
CUST_C,2025-08-04,NoInvoice,0.0,0.0,,0,0.0,0.0,0.0,East,Mid-Market,0.0
CUST_C,2025-08-05,NoInvoice,0.0,0.0,,0,0.0,0.0,0.0,East,Mid-Market,0.0
CUST_C,2025-08-06,INV-6289,22073.29,30.0,2025-09-30,25,18271.16,3597.45,204.68,East,Mid-Market,0.8277497373522479
CUST_C,2025-08-07,INV-6605,20093.02,45.0,2025-10-17,26,17300.25,2792.77,0.0,East,SME,0.8610079520151774
CUST_C,2025-08-08,NoInvoice,0.0,0.0,,0,0.0,0.0,0.0,East,SME,0.0
CUST_C,2025-08-09,NoInvoice,0.0,0.0,,0,0.0,0.0,0.0,East,SME,0.0
CUST_C,2025-08-10,INV-6804,8071.94,45.0,2025-10-19,25,6457.6,1614.34,0.0,South,Mid-Market,0.8000059465258662
CUST_C,2025-08-11,INV-6016,20028.28,30.0,2025-09-26,16,16128.97,3699.13,200.18,South,Enterprise,0.8053097919541768
CUST_C,2025-08-12,NoInvoice,0.0,0.0,,0,0.0,0.0,0.0,South,Enterprise,0.0
CUST_C,2025-08-13,NoInvoice,0.0,0.0,,0,0.0,0.0,0.0,South,Enterprise,0.0
CUST_C,2025-08-14,INV-6976,10003.19,45.0,2025-10-17,19,9667.08,336.11,0.0,North,Enterprise,0.9663997184898017
CUST_C,2025-08-15,INV-6629,21445.36,60.0,2025-11-12,29,18638.43,2806.93,0.0,South,Mid-Market,0.8691124793428509
CUST_C,2025-08-16,INV-6052,11670.01,30.0,2025-10-07,22,10724.51,871.45,74.05,East,Enterprise,0.9189803607708991
CUST_C,2025-08-17,INV-6602,11382.88,30.0,2025-10-16,30,9972.59,1299.98,110.31,West,Mid-Market,0.876104289951225
CUST_C,2025-08-18,INV-6382,22923.45,60.0,2025-11-05,19,19873.66,3049.79,0.0,North,Enterprise,0.8669576350854692
CUST_C,2025-08-19,NoInvoice,0.0,0.0,,0,0.0,0.0,0.0,North,Enterprise,0.0
CUST_C,2025-08-20,NoInvoice,0.0,0.0,,0,0.0,0.0,0.0,North,Enterprise,0.0
CUST_C,2025-08-21,INV-6847,8447.88,45.0,2025-10-24,19,8231.68,88.65,127.55,South,SME,0.9744077804135477
CUST_C,2025-08-22,NoInvoice,0.0,0.0,,0,0.0,0.0,0.0,South,SME,0.0
CUST_C,2025-08-23,NoInvoice,0.0,0.0,,0,0.0,0.0,0.0,South,SME,0.0
CUST_C,2025-08-24,INV-6448,5518.35,60.0,2025-11-09,17,5421.43,0.0,238.39,South,Mid-Market,0.9824367791096976
CUST_C,2025-08-25,INV-6498,13117.02,45.0,2025-10-29,20,12560.45,158.26,398.31,West,Enterprise,0.9575688685387382
CUST_C,2025-08-26,NoInvoice,0.0,0.0,,0,0.0,0.0,0.0,West,Enterprise,0.0
CUST_C,2025-08-27,INV-6815,19106.44,30.0,2025-10-18,22,16655.63,2190.16,260.65,North,Mid-Market,0.8717285899414021
CUST_C,2025-08-28,NoInvoice,0.0,0.0,,0,0.0,0.0,0.0,North,Mid-Market,0.0
CUST_C,2025-08-29,INV-6519,13114.1,45.0,2025-11-04,22,11246.75,1867.35,0.0,West,Mid-Market,0.857607460672101
CUST_C,2025-08-30,INV-6249,11076.57,45.0,2025-11-03,20,8963.71,2112.86,0.0,North,Mid-Market,0.8092496142758995
CUST_C,2025-08-31,INV-6005,18545.41,45.0,2025-11-09,25,16550.68,1994.73,0.0,East,Enterprise,0.8924407710587148
CUST_C,2025-09-01,INV-6682,12839.56,30.0,2025-10-29,28,10603.32,1860.79,375.45,West,SME,0.8258320378579952
CUST_C,2025-09-02,NoInvoice,0.0,0.0,,0,0.0,0.0,0.0,West,SME,0.0
CUST_C,2025-09-03,INV-6049,24179.54,30.0,2025-10-25,22,20314.59,3554.35,310.6,North,Mid-Market,0.8401561816312468
CUST_C,2025-09-04,INV-6110,8286.71,60.0,2025-11-23,20,7107.59,1179.12,0.0,North,SME,0.857709513184364
CUST_C,2025-09-05,INV-6521,14603.33,45.0,2025-11-07,18,12452.27,1906.62,244.44,North,SME,0.8527007196303857
CUST_C,2025-09-06,NoInvoice,0.0,0.0,,0,0.0,0.0,0.0,North,SME,0.0
CUST_C,2025-09-07,INV-6307,17444.94,45.0,2025-11-13,22,15412.4,2032.54,0.0,South,Mid-Market,0.8834882779763072
CUST_C,2025-09-08,NoInvoice,0.0,0.0,,0,0.0,0.0,0.0,South,Mid-Market,0.0
CUST_C,2025-09-09,INV-6880,11331.26,30.0,2025-11-04,26,9970.77,1170.61,189.88,West,Mid-Market,0.8799347998369114
CUST_C,2025-09-10,INV-6444,10727.88,30.0,2025-11-07,28,9413.81,876.65,437.42,West,Enterprise,0.8775088833954146
CUST_C,2025-09-11,NoInvoice,0.0,0.0,,0,0.0,0.0,0.0,West,Enterprise,0.0
CUST_C,2025-09-12,INV-6656,10756.56,30.0,2025-11-08,27,9003.38,1695.97,57.21,North,Mid-Market,0.8370129483775481
CUST_C,2025-09-13,INV-6869,10821.96,45.0,2025-11-15,18,8749.32,2072.64,0.0,South,Enterprise,0.8084783163123871
CUST_C,2025-09-14,NoInvoice,0.0,0.0,,0,0.0,0.0,0.0,South,Enterprise,0.0
CUST_C,2025-09-15,NoInvoice,0.0,0.0,,0,0.0,0.0,0.0,South,Enterprise,0.0
CUST_C,2025-09-16,INV-6292,8830.09,60.0,2025-12-04,19,7606.64,1182.03,41.42,South,Enterprise,0.8614453533316195
CUST_C,2025-09-17,INV-6262,8787.56,30.0,2025-11-02,16,8496.38,201.73,89.45,West,Mid-Market,0.9668645221199058
CUST_C,2025-09-18,INV-6730,18924.28,45.0,2025-11-20,18,16997.82,1830.28,96.18,West,SME,0.8982016753081227
CUST_C,2025-09-19,INV-6196,23599.66,45.0,2025-11-28,25,20715.93,2800.8,82.93,West,Enterprise,0.8778062904296079
CUST_C,2025-09-20,NoInvoice,0.0,0.0,,0,0.0,0.0,0.0,West,Enterprise,0.0
CUST_C,2025-09-21,INV-6946,20591.6,30.0,2025-11-19,29,17400.17,3191.43,0.0,South,Mid-Market,0.8450130150158317
CUST_C,2025-09-22,INV-6300,8246.99,60.0,2025-12-06,15,6991.13,1255.86,0.0,West,SME,0.8477189859573008
CUST_C,2025-09-23,INV-6902,24317.51,60.0,2025-12-12,20,20941.85,3265.3,110.36,South,SME,0.8611839781293397
CUST_C,2025-09-24,INV-6040,23003.61,60.0,2025-12-23,30,21271.48,1732.13,0.0,East,Enterprise,0.9247018185406551
CUST_C,2025-09-25,NoInvoice,0.0,0.0,,0,0.0,0.0,0.0,East,Enterprise,0.0
CUST_C,2025-09-26,INV-6398,11394.47,45.0,2025-12-05,25,10277.6,1057.09,59.78,West,Enterprise,0.9019813997491767
CUST_C,2025-09-27,NoInvoice,0.0,0.0,,0,0.0,0.0,0.0,West,Enterprise,0.0
CUST_C,2025-09-28,NoInvoice,0.0,0.0,,0,0.0,0.0,0.0,West,Enterprise,0.0
CUST_C,2025-09-29,NoInvoice,0.0,0.0,,0,0.0,0.0,0.0,West,Enterprise,0.0
CUST_C,2025-09-30,NoInvoice,0.0,0.0,,0,0.0,0.0,0.0,West,Enterprise,0.0
CUST_C,2025-10-01,NoInvoice,0.0,0.0,,0,0.0,0.0,0.0,West,Enterprise,0.0
CUST_C,2025-10-02,NoInvoice,0.0,0.0,,0,0.0,0.0,0.0,West,Enterprise,0.0
CUST_C,2025-10-03,INV-6149,13464.93,60.0,2025-12-27,25,11544.44,1920.49,0.0,West,SME,0.8573709629385374
CUST_C,2025-10-04,INV-6546,8652.67,60.0,2025-12-26,23,6995.56,1657.11,0.0,South,Enterprise,0.8084857044126265
CUST_C,2025-10-05,NoInvoice,0.0,0.0,,0,0.0,0.0,0.0,South,Enterprise,0.0
CUST_C,2025-10-06,INV-6210,14770.87,45.0,2025-12-05,15,14069.14,701.73,0.0,North,Enterprise,0.9524923041093719
CUST_C,2025-10-07,NoInvoice,0.0,0.0,,0,0.0,0.0,0.0,North,Enterprise,0.0
CUST_C,2025-10-08,NoInvoice,0.0,0.0,,0,0.0,0.0,0.0,North,Enterprise,0.0
CUST_C,2025-10-09,INV-6148,12841.95,30.0,2025-12-08,30,10338.52,2503.43,0.0,North,Mid-Market,0.8050584218128867
CUST_C,2025-10-10,NoInvoice,0.0,0.0,,0,0.0,0.0,0.0,North,Mid-Market,0.0
CUST_C,2025-10-11,NoInvoice,0.0,0.0,,0,0.0,0.0,0.0,North,Mid-Market,0.0
CUST_C,2025-10-12,INV-6093,6571.78,30.0,2025-11-29,18,5394.0,1177.78,0.0,North,Mid-Market,0.8207821929522899
CUST_C,2025-10-13,INV-6697,7896.39,45.0,2025-12-20,23,6338.43,1274.89,283.07,South,Enterprise,0.8026997146797461
CUST_C,2025-10-14,INV-6874,17811.39,30.0,2025-12-13,30,15717.15,1633.95,460.29,East,SME,0.8824213045697163
CUST_C,2025-10-15,INV-6166,24914.08,60.0,2026-01-02,19,20287.22,4307.09,319.77,North,SME,0.8142873427395272
CUST_C,2025-10-16,INV-6436,24229.09,30.0,2025-12-10,25,22290.78,1613.92,324.39,South,Enterprise,0.9200007098904663
CUST_C,2025-10-17,INV-6925,7280.26,45.0,2025-12-24,23,6609.25,513.85,157.16,North,Enterprise,0.9078315884322813
CUST_C,2025-10-18,NoInvoice,0.0,0.0,,0,0.0,0.0,0.0,North,Enterprise,0.0
CUST_C,2025-10-19,NoInvoice,0.0,0.0,,0,0.0,0.0,0.0,North,Enterprise,0.0
CUST_C,2025-10-20,INV-6631,13999.7,45.0,2025-12-28,24,13771.07,210.48,18.15,West,Enterprise,0.9836689357629091
CUST_C,2025-10-21,INV-6118,10154.08,60.0,2026-01-08,19,9520.21,616.0,17.87,West,Enterprise,0.9375748467611048
CUST_C,2025-10-22,NoInvoice,0.0,0.0,,0,0.0,0.0,0.0,West,Enterprise,0.0
CUST_C,2025-10-23,INV-6858,5471.6,60.0,2026-01-19,28,4650.75,820.85,0.0,West,SME,0.849979896191242
CUST_C,2025-10-24,INV-6770,20279.46,30.0,2025-12-11,18,17089.15,3114.04,76.27,West,SME,0.8426826947068612
CUST_C,2025-10-25,INV-6088,23583.2,45.0,2025-12-24,15,22040.87,1542.33,0.0,West,Mid-Market,0.9346004783065911
CUST_C,2025-10-26,NoInvoice,0.0,0.0,,0,0.0,0.0,0.0,West,Mid-Market,0.0
CUST_C,2025-10-27,INV-6047,10412.63,60.0,2026-01-24,29,10310.5,0.0,144.01,South,Enterprise,0.9901917190949837
CUST_C,2025-10-28,INV-6565,12156.67,30.0,2025-12-19,22,10296.2,1860.47,0.0,East,Mid-Market,0.8469589122679155
CUST_C,2025-10-29,INV-6609,8293.43,60.0,2026-01-23,26,7495.68,792.54,5.21,South,SME,0.9038094009354393
CUST_C,2025-10-30,INV-6278,22609.5,60.0,2026-01-25,27,19657.19,2582.1,370.21,East,SME,0.8694217032663261
CUST_C,2025-10-31,INV-6958,24069.72,60.0,2026-01-16,17,22717.31,1352.41,0.0,South,SME,0.9438128071286247
CUST_D,2025-05-01,INV-6547,8059.49,60.0,2025-08-25,56,6662.16,1397.33,0.0,North,Enterprise,0.8266230245338104
CUST_D,2025-05-02,INV-6998,16245.46,60.0,2025-09-03,64,15812.44,115.87,317.15,East,Mid-Market,0.9733451684347505
CUST_D,2025-05-03,NoInvoice,0.0,0.0,,0,0.0,0.0,0.0,East,Mid-Market,0.0
CUST_D,2025-05-04,INV-6058,16370.32,30.0,2025-08-05,63,13894.41,2008.89,467.02,South,SME,0.8487561635936255
CUST_D,2025-05-05,INV-6711,8914.02,60.0,2025-08-31,58,7486.54,1271.03,156.45,East,Enterprise,0.8398612522745068
CUST_D,2025-05-06,NoInvoice,0.0,0.0,,0,0.0,0.0,0.0,East,Enterprise,0.0
CUST_D,2025-05-07,INV-6938,15550.4,45.0,2025-08-18,58,12776.47,2773.93,0.0,West,Enterprise,0.8216168072847001
CUST_D,2025-05-08,INV-6707,20526.32,60.0,2025-08-31,55,17954.81,2571.51,0.0,South,SME,0.8747213333904957
CUST_D,2025-05-09,INV-6319,12795.26,45.0,2025-08-23,61,11759.84,1035.42,0.0,North,Mid-Market,0.9190778460148523
CUST_D,2025-05-10,NoInvoice,0.0,0.0,,0,0.0,0.0,0.0,North,Mid-Market,0.0
CUST_D,2025-05-11,NoInvoice,0.0,0.0,,0,0.0,0.0,0.0,North,Mid-Market,0.0
CUST_D,2025-05-12,INV-6648,23625.73,60.0,2025-09-12,63,21889.42,1557.91,178.4,West,Mid-Market,0.92650766769958
CUST_D,2025-05-13,INV-6918,16733.85,30.0,2025-08-14,63,13964.78,2714.83,54.24,North,Mid-Market,0.8345228384382555
CUST_D,2025-05-14,INV-6477,22619.56,45.0,2025-08-24,57,22553.09,66.47,0.0,North,Enterprise,0.9970613928829738
CUST_D,2025-05-15,INV-6543,5215.19,60.0,2025-09-17,65,4313.58,466.93,434.68,South,Enterprise,0.82711847506994
CUST_D,2025-05-16,INV-6542,15858.11,30.0,2025-08-10,56,14070.3,1787.81,0.0,North,Mid-Market,0.8872621012213939
CUST_D,2025-05-17,INV-6302,9234.52,45.0,2025-08-26,56,8430.05,804.47,0.0,North,SME,0.9128844812724428
CUST_D,2025-05-18,INV-6191,13479.43,30.0,2025-08-19,63,13149.04,0.0,407.01,East,Mid-Market,0.9754893196522405
CUST_D,2025-05-19,NoInvoice,0.0,0.0,,0,0.0,0.0,0.0,East,Mid-Market,0.0
CUST_D,2025-05-20,NoInvoice,0.0,0.0,,0,0.0,0.0,0.0,East,Mid-Market,0.0
CUST_D,2025-05-21,NoInvoice,0.0,0.0,,0,0.0,0.0,0.0,East,Mid-Market,0.0
CUST_D,2025-05-22,INV-6297,14934.61,60.0,2025-09-18,59,12425.03,2110.24,399.34,South,SME,0.8319621335943824
CUST_D,2025-05-23,INV-6540,19291.39,60.0,2025-09-23,63,18042.25,1249.14,0.0,North,Enterprise,0.9352488338061695
CUST_D,2025-05-24,INV-6141,22461.66,60.0,2025-09-18,57,22064.5,397.16,0.0,East,SME,0.9823183148529538
CUST_D,2025-05-25,INV-6657,6470.33,30.0,2025-08-23,60,6386.73,0.0,386.34,West,Mid-Market,0.9870794843539664
CUST_D,2025-05-26,NoInvoice,0.0,0.0,,0,0.0,0.0,0.0,West,Mid-Market,0.0
CUST_D,2025-05-27,INV-6721,21439.52,60.0,2025-09-22,58,19436.06,2003.46,0.0,East,Mid-Market,0.9065529452151915
CUST_D,2025-05-28,NoInvoice,0.0,0.0,,0,0.0,0.0,0.0,East,Mid-Market,0.0
CUST_D,2025-05-29,INV-6945,9123.27,30.0,2025-09-01,65,8883.41,90.48,149.38,South,Mid-Market,0.973708988115007
CUST_D,2025-05-30,INV-6983,7291.44,30.0,2025-08-31,63,6872.11,103.79,315.54,East,Mid-Market,0.9424900979779028
CUST_D,2025-05-31,INV-6136,9074.18,30.0,2025-08-24,55,7778.74,850.5,444.94,East,SME,0.8572388910072315
CUST_D,2025-06-01,INV-6844,15046.23,60.0,2025-10-03,64,12587.03,2112.18,347.02,North,Enterprise,0.8365570644606656
CUST_D,2025-06-02,NoInvoice,0.0,0.0,,0,0.0,0.0,0.0,North,Enterprise,0.0
CUST_D,2025-06-03,INV-6544,5781.35,30.0,2025-08-27,55,5215.56,383.36,182.43,West,Mid-Market,0.9021353144161831
CUST_D,2025-06-04,INV-6677,19136.26,45.0,2025-09-15,58,17671.17,1465.09,0.0,South,Enterprise,0.9234390628053758
CUST_D,2025-06-05,NoInvoice,0.0,0.0,,0,0.0,0.0,0.0,South,Enterprise,0.0
CUST_D,2025-06-06,INV-6517,9997.54,30.0,2025-09-05,61,9475.41,522.13,0.0,South,Mid-Market,0.9477741524415005
CUST_D,2025-06-07,INV-6252,16061.2,45.0,2025-09-25,65,15452.42,181.85,426.93,South,SME,0.962096231912933
CUST_D,2025-06-08,INV-6205,14307.56,30.0,2025-09-06,60,11880.07,2320.24,107.25,North,SME,0.8303351514863471
CUST_D,2025-06-09,INV-6550,8267.71,30.0,2025-09-12,65,6747.66,1183.62,336.43,South,SME,0.8161461880012725
CUST_D,2025-06-10,INV-6077,13690.02,30.0,2025-09-11,63,12087.03,1602.99,0.0,West,Enterprise,0.8829081330779649
CUST_D,2025-06-11,NoInvoice,0.0,0.0,,0,0.0,0.0,0.0,West,Enterprise,0.0
CUST_D,2025-06-12,NoInvoice,0.0,0.0,,0,0.0,0.0,0.0,West,Enterprise,0.0
CUST_D,2025-06-13,NoInvoice,0.0,0.0,,0,0.0,0.0,0.0,West,Enterprise,0.0
CUST_D,2025-06-14,INV-6392,21426.25,30.0,2025-09-16,64,19590.89,1835.36,0.0,South,SME,0.9143405868969138
CUST_D,2025-06-15,INV-6251,10678.82,30.0,2025-09-10,57,10653.51,0.0,366.56,South,Enterprise,0.997629887946421
CUST_D,2025-06-16,INV-6982,14730.68,60.0,2025-10-13,59,14599.06,131.62,0.0,North,SME,0.9910649067117064
CUST_D,2025-06-17,INV-6204,16087.79,60.0,2025-10-15,60,13307.16,2780.63,0.0,East,Mid-Market,0.8271589820603078
CUST_D,2025-06-18,NoInvoice,0.0,0.0,,0,0.0,0.0,0.0,East,Mid-Market,0.0
CUST_D,2025-06-19,INV-6441,24398.98,45.0,2025-10-05,63,22233.13,2165.85,0.0,East,SME,0.9112319449419607
CUST_D,2025-06-20,INV-6396,17057.04,60.0,2025-10-21,63,15582.9,1474.14,0.0,South,SME,0.9135758607589592
CUST_D,2025-06-21,NoInvoice,0.0,0.0,,0,0.0,0.0,0.0,South,SME,0.0
CUST_D,2025-06-22,NoInvoice,0.0,0.0,,0,0.0,0.0,0.0,South,SME,0.0
CUST_D,2025-06-23,INV-6043,7779.72,60.0,2025-10-23,62,7399.76,140.87,239.09,South,Mid-Market,0.951160195996771
CUST_D,2025-06-24,INV-6219,9762.62,45.0,2025-10-03,56,8495.75,1266.87,0.0,South,SME,0.8702325810079671
CUST_D,2025-06-25,INV-6695,23166.79,30.0,2025-09-25,62,22668.87,497.92,0.0,North,Enterprise,0.9785071647820004
CUST_D,2025-06-26,NoInvoice,0.0,0.0,,0,0.0,0.0,0.0,North,Enterprise,0.0
CUST_D,2025-06-27,NoInvoice,0.0,0.0,,0,0.0,0.0,0.0,North,Enterprise,0.0
CUST_D,2025-06-28,NoInvoice,0.0,0.0,,0,0.0,0.0,0.0,North,Enterprise,0.0
CUST_D,2025-06-29,INV-6714,21448.59,30.0,2025-09-23,56,18224.83,3068.14,155.62,South,SME,0.8496982785348595
CUST_D,2025-06-30,INV-6841,12358.21,45.0,2025-10-14,61,10021.87,2336.34,0.0,North,Mid-Market,0.8109483493159609
CUST_D,2025-07-01,INV-6892,7037.65,30.0,2025-09-25,56,6891.28,146.37,0.0,East,Mid-Market,0.979201864258666
CUST_D,2025-07-02,INV-6738,10258.15,45.0,2025-10-18,63,8977.69,843.68,436.78,West,Enterprise,0.8751763232161746
CUST_D,2025-07-03,INV-6129,15938.64,30.0,2025-10-01,60,15613.13,308.66,16.85,North,Mid-Market,0.9795773039606892
CUST_D,2025-07-04,INV-6876,17157.62,60.0,2025-11-01,60,16400.66,756.96,0.0,East,Mid-Market,0.9558819929570652
CUST_D,2025-07-05,INV-6482,5032.81,45.0,2025-10-18,60,4932.92,99.89,0.0,East,Mid-Market,0.9801522409945934
CUST_D,2025-07-06,NoInvoice,0.0,0.0,,0,0.0,0.0,0.0,East,Mid-Market,0.0
CUST_D,2025-07-07,INV-6462,5892.28,45.0,2025-10-21,61,5207.38,602.56,82.34,East,Mid-Market,0.8837631612890088
CUST_D,2025-07-08,INV-6971,12888.47,30.0,2025-10-09,63,10513.83,2374.64,0.0,East,Enterprise,0.8157547016829771
CUST_D,2025-07-09,NoInvoice,0.0,0.0,,0,0.0,0.0,0.0,East,Enterprise,0.0
CUST_D,2025-07-10,NoInvoice,0.0,0.0,,0,0.0,0.0,0.0,East,Enterprise,0.0
CUST_D,2025-07-11,INV-6465,22250.61,30.0,2025-10-09,60,19519.55,2439.78,291.28,North,Enterprise,0.8772590953686213
CUST_D,2025-07-12,NoInvoice,0.0,0.0,,0,0.0,0.0,0.0,North,Enterprise,0.0
CUST_D,2025-07-13,INV-6718,24605.3,45.0,2025-10-27,61,24384.99,220.31,0.0,South,Enterprise,0.9910462380056331
CUST_D,2025-07-14,INV-6350,10790.57,45.0,2025-10-31,64,8787.96,1675.63,326.98,South,Mid-Market,0.8144111015451454
CUST_D,2025-07-15,INV-6725,8242.97,60.0,2025-11-13,61,7500.73,742.24,0.0,North,SME,0.9099547857143724
CUST_D,2025-07-16,INV-6889,8450.24,60.0,2025-11-08,55,7606.95,843.29,0.0,North,SME,0.9002052012723899
CUST_D,2025-07-17,INV-6921,15544.4,30.0,2025-10-17,62,14280.27,1264.13,0.0,East,Mid-Market,0.9186761792027998
CUST_D,2025-07-18,INV-6239,19177.43,30.0,2025-10-15,59,17459.05,1718.38,0.0,West,Enterprise,0.910395709956965
CUST_D,2025-07-19,INV-6995,10553.26,60.0,2025-11-20,64,8681.39,1398.36,473.51,East,SME,0.8226263732723348
CUST_D,2025-07-20,INV-6311,24658.67,45.0,2025-11-06,64,22454.53,2204.14,0.0,West,SME,0.910613994996486
CUST_D,2025-07-21,INV-6432,24687.42,60.0,2025-11-21,63,20738.1,3762.51,186.81,North,Mid-Market,0.8400270259103625
CUST_D,2025-07-22,INV-6641,10941.94,45.0,2025-11-03,59,9235.54,1706.4,0.0,West,SME,0.8440495926682107
CUST_D,2025-07-23,INV-6367,14118.14,30.0,2025-10-18,57,13248.37,393.0,476.77,East,SME,0.9383934427622903
CUST_D,2025-07-24,NoInvoice,0.0,0.0,,0,0.0,0.0,0.0,East,SME,0.0
CUST_D,2025-07-25,INV-6451,17049.21,60.0,2025-11-18,56,15855.9,924.92,268.39,East,Enterprise,0.9300079006593268
CUST_D,2025-07-26,INV-6277,13643.6,30.0,2025-10-27,63,13473.21,170.39,0.0,East,Mid-Market,0.9875113606379547
CUST_D,2025-07-27,INV-6031,7953.7,45.0,2025-11-11,62,7489.63,464.07,0.0,West,Mid-Market,0.9416535700365868
CUST_D,2025-07-28,INV-6628,20522.52,45.0,2025-11-09,59,18155.05,2352.09,15.38,South,Mid-Market,0.8846403852938137
CUST_D,2025-07-29,INV-6778,24782.02,45.0,2025-11-15,64,22001.31,2394.16,386.55,South,Mid-Market,0.8877932468781803
CUST_D,2025-07-30,NoInvoice,0.0,0.0,,0,0.0,0.0,0.0,South,Mid-Market,0.0
CUST_D,2025-07-31,INV-6797,21478.93,45.0,2025-11-09,56,17233.24,4115.86,129.83,North,SME,0.8023323321971813
CUST_D,2025-08-01,INV-6108,15784.17,30.0,2025-10-31,61,13758.08,2026.09,0.0,South,Mid-Market,0.8716378498204214
CUST_D,2025-08-02,INV-6786,7661.41,45.0,2025-11-14,59,6786.89,408.98,465.54,North,Mid-Market,0.8858539093978786
CUST_D,2025-08-03,INV-6969,23599.67,60.0,2025-11-27,56,19053.88,4144.87,400.92,West,Mid-Market,0.8073790862329856
CUST_D,2025-08-04,INV-6877,10504.3,45.0,2025-11-17,60,9090.61,1413.69,0.0,West,Mid-Market,0.8654179716877851
CUST_D,2025-08-05,INV-6526,16707.92,60.0,2025-11-29,56,14866.12,1841.8,0.0,West,Enterprise,0.889764854033297
CUST_D,2025-08-06,INV-6886,7231.07,45.0,2025-11-15,56,6474.03,258.48,498.56,West,Mid-Market,0.8953073334928302
CUST_D,2025-08-07,INV-6997,7833.73,60.0,2025-12-04,59,6637.79,1195.94,0.0,West,Enterprise,0.8473345392297157
CUST_D,2025-08-08,INV-6282,20249.32,60.0,2025-12-04,58,19363.86,885.46,0.0,East,Mid-Market,0.9562721118536327
CUST_D,2025-08-09,INV-6050,24205.77,45.0,2025-11-27,65,22087.07,1905.71,212.99,North,Enterprise,0.9124712826735113
CUST_D,2025-08-10,INV-6655,21749.76,60.0,2025-12-06,58,17846.16,3790.42,113.18,South,Mid-Market,0.8205221574858758
CUST_D,2025-08-11,NoInvoice,0.0,0.0,,0,0.0,0.0,0.0,South,Mid-Market,0.0
CUST_D,2025-08-12,NoInvoice,0.0,0.0,,0,0.0,0.0,0.0,South,Mid-Market,0.0
CUST_D,2025-08-13,NoInvoice,0.0,0.0,,0,0.0,0.0,0.0,South,Mid-Market,0.0
CUST_D,2025-08-14,INV-6430,14838.42,30.0,2025-11-10,58,12819.23,2019.19,0.0,West,Mid-Market,0.8639214956848505
CUST_D,2025-08-15,INV-6117,11558.51,30.0,2025-11-11,58,10547.7,833.85,176.96,East,Mid-Market,0.9125484167076898
CUST_D,2025-08-16,INV-6380,5687.61,60.0,2025-12-15,61,5147.15,412.48,127.98,North,Mid-Market,0.9049759037627404
CUST_D,2025-08-17,INV-6038,19700.76,45.0,2025-12-02,62,18763.15,713.34,224.27,West,SME,0.9524074198152763
CUST_D,2025-08-18,INV-6025,24889.13,60.0,2025-12-21,65,23635.43,781.6,472.1,West,Mid-Market,0.9496286129728118
CUST_D,2025-08-19,INV-6240,6162.06,30.0,2025-11-15,58,5699.23,26.35,436.48,East,Mid-Market,0.9248903775685403
CUST_D,2025-08-20,INV-6264,8816.23,30.0,2025-11-17,59,8416.22,269.78,130.23,East,Mid-Market,0.954627998588966
CUST_D,2025-08-21,NoInvoice,0.0,0.0,,0,0.0,0.0,0.0,East,Mid-Market,0.0
CUST_D,2025-08-22,INV-6762,23573.6,45.0,2025-12-07,62,20985.71,2324.67,263.22,North,Mid-Market,0.890220840261988
CUST_D,2025-08-23,INV-6468,11432.72,45.0,2025-12-01,55,11047.57,0.0,460.6,North,Enterprise,0.9663116038877888
CUST_D,2025-08-24,INV-6887,20395.49,60.0,2025-12-18,56,18873.49,1378.34,143.66,West,SME,0.9253756590305013
CUST_D,2025-08-25,NoInvoice,0.0,0.0,,0,0.0,0.0,0.0,West,SME,0.0
CUST_D,2025-08-26,INV-6024,17942.21,60.0,2025-12-23,59,17385.31,409.63,147.27,East,Enterprise,0.9689614601545742
CUST_D,2025-08-27,INV-6126,24227.15,45.0,2025-12-14,64,21939.09,2068.26,219.8,South,Enterprise,0.9055580206503859
CUST_D,2025-08-28,INV-6646,19275.55,30.0,2025-11-26,60,16391.12,2884.43,0.0,South,SME,0.8503580961373346
CUST_D,2025-08-29,NoInvoice,0.0,0.0,,0,0.0,0.0,0.0,South,SME,0.0
CUST_D,2025-08-30,NoInvoice,0.0,0.0,,0,0.0,0.0,0.0,South,SME,0.0
CUST_D,2025-08-31,INV-6831,11612.13,60.0,2026-01-02,64,10229.58,1060.6,321.95,East,Mid-Market,0.8809391558654615
CUST_D,2025-09-01,NoInvoice,0.0,0.0,,0,0.0,0.0,0.0,East,Mid-Market,0.0
CUST_D,2025-09-02,NoInvoice,0.0,0.0,,0,0.0,0.0,0.0,East,Mid-Market,0.0
CUST_D,2025-09-03,INV-6161,6030.16,60.0,2026-01-03,62,5505.58,524.58,0.0,West,SME,0.9130072833888322
CUST_D,2025-09-04,INV-6135,21108.55,30.0,2025-12-06,63,19285.55,1823.0,0.0,South,Enterprise,0.9136368912123286
CUST_D,2025-09-05,INV-6687,10842.83,30.0,2025-12-05,61,9835.46,528.9,478.47,West,Mid-Market,0.90709344331692
CUST_D,2025-09-06,NoInvoice,0.0,0.0,,0,0.0,0.0,0.0,West,Mid-Market,0.0
CUST_D,2025-09-07,NoInvoice,0.0,0.0,,0,0.0,0.0,0.0,West,Mid-Market,0.0
CUST_D,2025-09-08,INV-6777,22889.24,60.0,2026-01-09,63,20469.29,2383.07,36.88,West,Enterprise,0.8942756509171995
CUST_D,2025-09-09,INV-6508,11507.12,45.0,2025-12-28,65,9678.11,1630.89,198.12,East,Enterprise,0.8410540604425781
CUST_D,2025-09-10,INV-6454,13498.73,60.0,2026-01-04,56,12802.04,675.57,21.12,West,SME,0.9483884780271923
CUST_D,2025-09-11,INV-6067,14311.85,60.0,2026-01-06,57,13519.83,428.55,363.47,West,Enterprise,0.944659844813913
CUST_D,2025-09-12,INV-6393,18201.32,60.0,2026-01-08,58,17746.39,454.93,0.0,West,Enterprise,0.9750056589302314
CUST_D,2025-09-13,NoInvoice,0.0,0.0,,0,0.0,0.0,0.0,West,Enterprise,0.0
CUST_D,2025-09-14,INV-6299,23797.47,60.0,2026-01-13,61,21360.4,2437.07,0.0,West,SME,0.8975912145282671
CUST_D,2025-09-15,INV-6750,5710.48,60.0,2026-01-18,65,5620.37,0.0,103.48,West,Enterprise,0.9842202406802931
CUST_D,2025-09-16,INV-6979,19456.79,30.0,2025-12-12,57,15863.06,3298.12,295.61,South,SME,0.8152968706554369
CUST_D,2025-09-17,INV-6433,16001.37,45.0,2026-01-02,62,14375.78,1147.42,478.17,East,Mid-Market,0.898409323701658
CUST_D,2025-09-18,INV-6473,22794.74,30.0,2025-12-15,58,20394.25,2326.85,73.64,South,Mid-Market,0.8946910559190409
CUST_D,2025-09-19,NoInvoice,0.0,0.0,,0,0.0,0.0,0.0,South,Mid-Market,0.0
CUST_D,2025-09-20,INV-6635,11851.44,30.0,2025-12-14,55,11821.15,0.0,200.85,East,Enterprise,0.997444192435687
CUST_D,2025-09-21,INV-6006,19863.14,30.0,2025-12-18,58,17158.77,2219.32,485.05,West,Enterprise,0.8638498243480135
CUST_D,2025-09-22,INV-6893,6227.61,45.0,2026-01-07,62,5183.75,570.41,473.45,West,Enterprise,0.8323819250081492
CUST_D,2025-09-23,NoInvoice,0.0,0.0,,0,0.0,0.0,0.0,West,Enterprise,0.0
CUST_D,2025-09-24,NoInvoice,0.0,0.0,,0,0.0,0.0,0.0,West,Enterprise,0.0
CUST_D,2025-09-25,INV-6950,7729.93,45.0,2026-01-06,58,6605.14,1124.79,0.0,West,Enterprise,0.8544889798484592
CUST_D,2025-09-26,NoInvoice,0.0,0.0,,0,0.0,0.0,0.0,West,Enterprise,0.0
CUST_D,2025-09-27,INV-6009,9417.68,30.0,2025-12-31,65,8982.78,434.9,0.0,South,Enterprise,0.9538208985652518
CUST_D,2025-09-28,INV-6981,9777.27,30.0,2025-12-27,60,9394.01,99.22,284.04,West,Enterprise,0.9608009188659001
CUST_D,2025-09-29,INV-6679,13771.47,30.0,2026-01-01,64,12150.05,1621.42,0.0,South,Enterprise,0.8822623873849342
CUST_D,2025-09-30,INV-6404,24548.31,60.0,2026-02-02,65,19697.56,4850.75,0.0,South,Mid-Market,0.8023998393372089
CUST_D,2025-10-01,INV-6331,6004.7,45.0,2026-01-11,57,5590.42,414.28,0.0,East,Mid-Market,0.9310073775542492
CUST_D,2025-10-02,INV-6335,8045.32,45.0,2026-01-17,62,7596.3,449.02,0.0,East,SME,0.9441886711777779
CUST_D,2025-10-03,INV-6111,11899.95,30.0,2026-01-06,65,9597.98,2295.03,6.94,East,SME,0.8065563300686136
CUST_D,2025-10-04,INV-6617,10839.87,30.0,2025-12-28,55,9680.29,1095.68,63.9,North,Mid-Market,0.8930263923829345
CUST_D,2025-10-05,INV-6222,12343.04,45.0,2026-01-18,60,11659.77,618.37,64.9,West,Enterprise,0.9446432969511562
CUST_D,2025-10-06,INV-6236,11565.27,45.0,2026-01-24,65,10786.33,778.94,0.0,South,Enterprise,0.9326483514868221
CUST_D,2025-10-07,NoInvoice,0.0,0.0,,0,0.0,0.0,0.0,South,Enterprise,0.0
CUST_D,2025-10-08,NoInvoice,0.0,0.0,,0,0.0,0.0,0.0,South,Enterprise,0.0
CUST_D,2025-10-09,INV-6953,10264.41,45.0,2026-01-22,60,9455.5,716.07,92.84,North,SME,0.92119274269052
CUST_D,2025-10-10,INV-6322,9518.4,60.0,2026-02-02,55,8563.46,537.93,417.01,South,Mid-Market,0.8996743150109261
CUST_D,2025-10-11,INV-6388,24149.85,60.0,2026-02-09,61,22419.98,1315.47,414.4,North,Enterprise,0.9283693273457185
CUST_D,2025-10-12,NoInvoice,0.0,0.0,,0,0.0,0.0,0.0,North,Enterprise,0.0
CUST_D,2025-10-13,INV-6184,12909.46,30.0,2026-01-10,59,11570.77,1186.49,152.2,East,Enterprise,0.8963016268689783
CUST_D,2025-10-14,INV-6408,22871.61,60.0,2026-02-07,56,21867.76,918.24,85.61,West,SME,0.9561093425430041
CUST_D,2025-10-15,NoInvoice,0.0,0.0,,0,0.0,0.0,0.0,West,SME,0.0
CUST_D,2025-10-16,INV-6672,5209.88,30.0,2026-01-09,55,4301.07,423.8,485.01,North,SME,0.8255602816187704
CUST_D,2025-10-17,INV-6987,16408.01,60.0,2026-02-13,59,15229.73,1178.28,0.0,South,Enterprise,0.9281887322106703
CUST_D,2025-10-18,INV-6827,16311.23,60.0,2026-02-16,61,13934.94,2376.29,0.0,East,Mid-Market,0.8543157076443653
CUST_D,2025-10-19,NoInvoice,0.0,0.0,,0,0.0,0.0,0.0,East,Mid-Market,0.0
CUST_D,2025-10-20,INV-6585,24247.27,45.0,2026-01-28,55,23040.32,1206.95,0.0,North,SME,0.9502232622476674
CUST_D,2025-10-21,NoInvoice,0.0,0.0,,0,0.0,0.0,0.0,North,SME,0.0
CUST_D,2025-10-22,NoInvoice,0.0,0.0,,0,0.0,0.0,0.0,North,SME,0.0
CUST_D,2025-10-23,INV-6514,20622.94,60.0,2026-02-25,65,17797.4,2465.54,360.0,North,Mid-Market,0.8629904368630275
CUST_D,2025-10-24,INV-6848,6431.63,60.0,2026-02-22,61,5633.7,797.93,0.0,South,Enterprise,0.8759365821727929
CUST_D,2025-10-25,INV-6004,7075.79,30.0,2026-01-28,65,6437.06,638.73,0.0,West,Enterprise,0.9097302209364608
CUST_D,2025-10-26,INV-6035,13317.8,45.0,2026-02-12,64,11945.04,1372.76,0.0,East,Enterprise,0.8969229151962037
CUST_D,2025-10-27,INV-6742,15652.91,45.0,2026-02-08,59,13566.63,1729.31,356.97,South,SME,0.866716156931842
CUST_D,2025-10-28,INV-6855,6449.52,30.0,2026-01-30,64,5710.61,738.91,0.0,South,Enterprise,0.8854317840707524
CUST_D,2025-10-29,INV-6337,5692.44,60.0,2026-03-02,64,5559.92,0.0,250.54,West,SME,0.9767200005621491
CUST_D,2025-10-30,INV-6796,17657.53,60.0,2026-02-26,59,16481.32,1176.21,0.0,North,Mid-Market,0.9333876255625787
CUST_D,2025-10-31,INV-6799,13803.46,45.0,2026-02-16,63,12400.1,1403.36,0.0,North,Mid-Market,0.8983327368645253
CUST_E,2025-05-02,INV-6681,15202.42,30.0,2025-06-05,4,12383.5,2818.92,0.0,South,Enterprise,0.8145742585719905
CUST_E,2025-05-03,INV-6688,15053.53,30.0,2025-06-24,22,13849.71,787.24,416.58,East,Mid-Market,0.9200307170477621
CUST_E,2025-05-04,INV-6062,16885.43,30.0,2025-06-20,17,13764.58,3048.32,72.53,North,Enterprise,0.8151749762961322
CUST_E,2025-05-05,INV-6288,23818.64,60.0,2025-07-26,22,23713.32,105.32,0.0,North,Mid-Market,0.9955782529984919
CUST_E,2025-05-06,NoInvoice,0.0,0.0,,0,0.0,0.0,0.0,North,Mid-Market,0.0
CUST_E,2025-05-07,INV-6992,6266.58,45.0,2025-06-27,6,5372.05,680.44,214.09,North,SME,0.8572538769153191
CUST_E,2025-05-08,INV-6579,7666.08,45.0,2025-07-08,16,6149.12,1192.38,324.58,South,Mid-Market,0.802120510091207
CUST_E,2025-05-09,INV-6813,16288.62,30.0,2025-06-14,6,16003.93,0.0,486.99,East,Enterprise,0.9825221535034889
CUST_E,2025-05-10,NoInvoice,0.0,0.0,,0,0.0,0.0,0.0,East,Enterprise,0.0
CUST_E,2025-05-11,NoInvoice,0.0,0.0,,0,0.0,0.0,0.0,East,Enterprise,0.0
CUST_E,2025-05-12,INV-6496,20307.84,30.0,2025-06-08,-3,19078.98,1228.86,0.0,West,Mid-Market,0.9394883946298572
CUST_E,2025-05-13,INV-6975,10948.91,60.0,2025-08-10,29,10656.09,292.82,0.0,East,SME,0.9732557852790826
CUST_E,2025-05-14,INV-6099,12400.2,30.0,2025-06-27,14,10565.09,1534.47,300.64,North,Enterprise,0.8520096450057256
CUST_E,2025-05-15,NoInvoice,0.0,0.0,,0,0.0,0.0,0.0,North,Enterprise,0.0
CUST_E,2025-05-16,INV-6066,21064.19,45.0,2025-07-23,23,19013.42,1837.78,212.99,North,Enterprise,0.9026418770434562
CUST_E,2025-05-17,INV-6481,22091.07,60.0,2025-08-12,27,20620.39,1078.77,391.91,West,Enterprise,0.9334264931485889
CUST_E,2025-05-18,INV-6318,22371.45,30.0,2025-06-29,12,19910.7,1998.38,462.37,West,SME,0.890004894631327
CUST_E,2025-05-19,INV-6179,24331.95,30.0,2025-07-16,28,24166.7,165.25,0.0,North,SME,0.9932085180184901
CUST_E,2025-05-20,INV-6934,18419.63,30.0,2025-06-16,-3,15047.65,3261.98,110.0,North,SME,0.816935519334536
CUST_E,2025-05-21,INV-6501,21451.38,45.0,2025-07-28,23,18503.76,2528.55,419.07,East,SME,0.8625906585030892
CUST_E,2025-05-22,NoInvoice,0.0,0.0,,0,0.0,0.0,0.0,East,SME,0.0
CUST_E,2025-05-23,INV-6106,8566.64,30.0,2025-07-19,27,7742.34,425.32,398.98,West,SME,0.9037779105927178
CUST_E,2025-05-24,INV-6775,10738.54,45.0,2025-07-04,-4,9561.68,1169.38,7.48,South,Enterprise,0.8904078208024554
CUST_E,2025-05-25,INV-6956,15659.37,30.0,2025-07-18,24,15374.68,127.5,157.19,East,SME,0.9818198305551245
CUST_E,2025-05-26,NoInvoice,0.0,0.0,,0,0.0,0.0,0.0,East,SME,0.0
CUST_E,2025-05-27,INV-6412,17953.78,60.0,2025-08-05,10,17880.92,72.86,0.0,South,Mid-Market,0.9959418016707345
CUST_E,2025-05-28,INV-6261,23435.96,30.0,2025-07-25,28,22816.74,157.87,461.35,East,Mid-Market,0.9735782105789565
CUST_E,2025-05-29,INV-6904,14317.76,30.0,2025-07-24,26,12689.58,1563.01,65.17,East,SME,0.8862824911159287
CUST_E,2025-05-30,NoInvoice,0.0,0.0,,0,0.0,0.0,0.0,East,SME,0.0
CUST_E,2025-05-31,INV-6653,24733.24,60.0,2025-08-29,30,23607.24,1126.0,0.0,West,Enterprise,0.9544742217356076
CUST_E,2025-06-01,INV-6023,23155.68,60.0,2025-08-26,26,22349.44,806.24,0.0,East,SME,0.9651817610193265
CUST_E,2025-06-02,INV-6737,21511.32,60.0,2025-08-01,0,19049.11,2462.21,0.0,South,SME,0.8855388697671738
CUST_E,2025-06-03,INV-6293,22553.4,45.0,2025-08-17,30,20296.99,2002.97,253.44,North,SME,0.8999525570423972
CUST_E,2025-06-04,NoInvoice,0.0,0.0,,0,0.0,0.0,0.0,North,SME,0.0
CUST_E,2025-06-05,NoInvoice,0.0,0.0,,0,0.0,0.0,0.0,North,SME,0.0
CUST_E,2025-06-06,INV-6929,13417.65,45.0,2025-08-12,22,11039.92,1878.55,499.18,South,SME,0.8227908761966515
CUST_E,2025-06-07,NoInvoice,0.0,0.0,,0,0.0,0.0,0.0,South,SME,0.0
CUST_E,2025-06-08,INV-6421,19257.5,30.0,2025-07-04,-4,18120.3,1137.2,0.0,South,Mid-Market,0.9409476827210177
CUST_E,2025-06-09,NoInvoice,0.0,0.0,,0,0.0,0.0,0.0,South,Mid-Market,0.0
CUST_E,2025-06-10,INV-6154,19106.76,30.0,2025-07-15,5,18554.76,278.09,273.91,South,Enterprise,0.9711097014878504
CUST_E,2025-06-11,INV-6168,13526.97,45.0,2025-07-22,-4,12028.69,1416.55,81.73,East,Mid-Market,0.8892375750075591
CUST_E,2025-06-12,NoInvoice,0.0,0.0,,0,0.0,0.0,0.0,East,Mid-Market,0.0
CUST_E,2025-06-13,INV-6580,23053.03,45.0,2025-08-09,12,21744.72,1308.31,0.0,North,SME,0.9432478073381244
CUST_E,2025-06-14,INV-6867,24657.95,45.0,2025-07-25,-4,24016.17,641.78,0.0,North,Enterprise,0.973972694404847
CUST_E,2025-06-15,INV-6375,14351.44,60.0,2025-09-10,27,14013.86,337.58,0.0,East,SME,0.9764776217578166
CUST_E,2025-06-16,INV-6741,17188.11,30.0,2025-07-30,14,16039.11,960.9,188.1,South,Mid-Market,0.9331514634244253
CUST_E,2025-06-17,INV-6384,13994.45,30.0,2025-08-15,29,11874.11,2056.46,63.88,North,SME,0.8484870788062411
CUST_E,2025-06-18,INV-6180,11680.49,45.0,2025-08-20,18,11274.75,405.74,0.0,East,Enterprise,0.9652634435712886
CUST_E,2025-06-19,INV-6185,14905.03,45.0,2025-08-10,7,14402.09,502.94,0.0,East,Mid-Market,0.9662570286675035
CUST_E,2025-06-20,INV-6218,17097.71,60.0,2025-09-01,13,13970.77,3126.94,0.0,East,SME,0.8171135198807327
CUST_E,2025-06-21,INV-6795,15629.96,30.0,2025-07-26,5,14151.48,1478.48,0.0,South,Enterprise,0.9054073075043059
CUST_E,2025-06-22,NoInvoice,0.0,0.0,,0,0.0,0.0,0.0,South,Enterprise,0.0
CUST_E,2025-06-23,INV-6407,8125.1,45.0,2025-08-11,4,7252.84,872.26,0.0,West,SME,0.8926462443539156
CUST_E,2025-06-24,NoInvoice,0.0,0.0,,0,0.0,0.0,0.0,West,SME,0.0
CUST_E,2025-06-25,NoInvoice,0.0,0.0,,0,0.0,0.0,0.0,West,SME,0.0
CUST_E,2025-06-26,INV-6147,12535.53,30.0,2025-08-25,30,11416.74,996.03,122.76,South,SME,0.9107504828276107
CUST_E,2025-06-27,INV-6935,9157.94,30.0,2025-08-02,6,8598.74,200.55,358.65,South,SME,0.9389382328340216
CUST_E,2025-06-28,INV-6624,15149.09,30.0,2025-07-31,3,13617.44,1473.52,58.13,North,Mid-Market,0.8988949171204343
CUST_E,2025-06-29,INV-6680,7729.76,60.0,2025-09-06,9,7248.22,481.54,0.0,North,SME,0.9377031110927118
CUST_E,2025-06-30,INV-6816,14636.89,45.0,2025-09-13,30,12083.55,2553.34,0.0,East,Enterprise,0.8255544722956858
CUST_E,2025-07-01,NoInvoice,0.0,0.0,,0,0.0,0.0,0.0,East,Enterprise,0.0
CUST_E,2025-07-02,INV-6593,18698.14,60.0,2025-08-28,-3,17043.39,1654.75,0.0,West,Enterprise,0.911501892701627
CUST_E,2025-07-03,NoInvoice,0.0,0.0,,0,0.0,0.0,0.0,West,Enterprise,0.0
CUST_E,2025-07-04,NoInvoice,0.0,0.0,,0,0.0,0.0,0.0,West,Enterprise,0.0
CUST_E,2025-07-05,INV-6390,9033.44,30.0,2025-08-27,23,7427.38,1114.77,491.29,South,Enterprise,0.8222094794452611
CUST_E,2025-07-06,NoInvoice,0.0,0.0,,0,0.0,0.0,0.0,South,Enterprise,0.0
CUST_E,2025-07-07,NoInvoice,0.0,0.0,,0,0.0,0.0,0.0,South,Enterprise,0.0
CUST_E,2025-07-08,INV-6664,17036.13,45.0,2025-09-21,30,15369.97,1666.16,0.0,East,Enterprise,0.9021984453041858
CUST_E,2025-07-09,NoInvoice,0.0,0.0,,0,0.0,0.0,0.0,East,Enterprise,0.0
CUST_E,2025-07-10,NoInvoice,0.0,0.0,,0,0.0,0.0,0.0,East,Enterprise,0.0
CUST_E,2025-07-11,INV-6032,6439.76,45.0,2025-09-09,15,5497.55,764.19,178.02,East,Enterprise,0.8536886467818676
CUST_E,2025-07-12,INV-6254,8315.95,30.0,2025-08-07,-4,8019.62,0.0,319.4,North,SME,0.964366067617049
CUST_E,2025-07-13,INV-6276,8945.5,30.0,2025-08-25,13,8709.98,235.52,0.0,South,Enterprise,0.9736716784975685
CUST_E,2025-07-14,INV-6939,10173.37,60.0,2025-10-04,22,8210.4,1962.97,0.0,North,SME,0.8070482052653152
CUST_E,2025-07-15,INV-6564,16318.19,60.0,2025-09-26,13,13523.04,2795.15,0.0,North,SME,0.828709556635877
CUST_E,2025-07-16,INV-6046,14714.24,60.0,2025-09-29,15,14624.82,89.42,0.0,West,SME,0.993922893741029
CUST_E,2025-07-17,NoInvoice,0.0,0.0,,0,0.0,0.0,0.0,West,SME,0.0
CUST_E,2025-07-18,INV-6754,20902.25,30.0,2025-08-25,8,18270.27,2631.98,0.0,West,Enterprise,0.874081498403282
CUST_E,2025-07-19,NoInvoice,0.0,0.0,,0,0.0,0.0,0.0,West,Enterprise,0.0
CUST_E,2025-07-20,NoInvoice,0.0,0.0,,0,0.0,0.0,0.0,West,Enterprise,0.0
CUST_E,2025-07-21,INV-6649,24521.34,60.0,2025-10-11,22,19868.67,4469.78,182.89,West,Enterprise,0.8102603691315401
CUST_E,2025-07-22,INV-6736,12690.52,45.0,2025-09-05,0,12054.8,476.58,159.14,East,Enterprise,0.9499059140208596
CUST_E,2025-07-23,INV-6015,6167.64,45.0,2025-09-17,11,5211.76,474.04,481.84,West,Mid-Market,0.8450168946306853
CUST_E,2025-07-24,INV-6002,18976.08,45.0,2025-09-14,7,16821.7,2154.38,0.0,North,SME,0.8864686489517328
CUST_E,2025-07-25,INV-6862,5763.3,45.0,2025-10-07,29,4988.41,396.24,378.65,North,Mid-Market,0.8655475161799663
CUST_E,2025-07-26,INV-6604,21736.04,30.0,2025-08-29,4,18857.65,2767.92,110.47,West,Mid-Market,0.8675752344953359
CUST_E,2025-07-27,INV-6807,16747.95,45.0,2025-09-23,13,14295.99,2028.3,423.66,East,Mid-Market,0.853596410306933
CUST_E,2025-07-28,INV-6321,22392.91,30.0,2025-08-22,-5,18035.05,4116.32,241.54,West,Mid-Market,0.805391081373524
CUST_E,2025-07-29,NoInvoice,0.0,0.0,,0,0.0,0.0,0.0,West,Mid-Market,0.0
CUST_E,2025-07-30,NoInvoice,0.0,0.0,,0,0.0,0.0,0.0,West,Mid-Market,0.0
CUST_E,2025-07-31,INV-6598,14884.37,30.0,2025-09-24,25,12881.64,1705.12,297.61,South,Mid-Market,0.8654474458777899
CUST_E,2025-08-01,NoInvoice,0.0,0.0,,0,0.0,0.0,0.0,South,Mid-Market,0.0
CUST_E,2025-08-02,INV-6549,9775.09,30.0,2025-08-27,-5,8838.52,936.57,0.0,East,Mid-Market,0.9041880944318672
CUST_E,2025-08-03,INV-6488,13000.49,60.0,2025-10-30,28,12303.57,696.92,0.0,West,SME,0.9463927898102302
CUST_E,2025-08-04,NoInvoice,0.0,0.0,,0,0.0,0.0,0.0,West,SME,0.0
CUST_E,2025-08-05,NoInvoice,0.0,0.0,,0,0.0,0.0,0.0,West,SME,0.0
CUST_E,2025-08-06,INV-6988,10017.72,45.0,2025-09-17,-3,9108.94,908.78,0.0,South,Mid-Market,0.9092827509652897
CUST_E,2025-08-07,NoInvoice,0.0,0.0,,0,0.0,0.0,0.0,South,Mid-Market,0.0
CUST_E,2025-08-08,INV-6455,24858.23,45.0,2025-10-13,21,24523.73,334.5,0.0,North,Mid-Market,0.9865436919684145
CUST_E,2025-08-09,INV-6828,15152.98,45.0,2025-10-07,14,12249.91,2903.07,0.0,South,SME,0.8084159023505607
CUST_E,2025-08-10,INV-6616,11644.85,30.0,2025-09-24,15,9996.99,1333.6,314.26,South,SME,0.8584902338802131
CUST_E,2025-08-11,INV-6014,14783.07,30.0,2025-09-26,16,13528.4,929.41,325.26,West,SME,0.9151279132142376
CUST_E,2025-08-12,NoInvoice,0.0,0.0,,0,0.0,0.0,0.0,West,SME,0.0
CUST_E,2025-08-13,INV-6669,6911.04,45.0,2025-10-18,21,6044.75,612.9,253.39,North,Mid-Market,0.8746512825855443
CUST_E,2025-08-14,INV-6112,14835.17,60.0,2025-10-18,5,14005.27,335.91,493.99,South,SME,0.9440586120684832
CUST_E,2025-08-15,NoInvoice,0.0,0.0,,0,0.0,0.0,0.0,South,SME,0.0
CUST_E,2025-08-16,INV-6229,21804.44,60.0,2025-11-02,18,17758.28,4046.16,0.0,South,Enterprise,0.8144341244260344
CUST_E,2025-08-17,INV-6895,12321.08,30.0,2025-10-08,22,11311.49,1009.59,0.0,East,Enterprise,0.9180599427972224
CUST_E,2025-08-18,INV-6423,17676.65,45.0,2025-10-04,2,14377.28,3236.35,63.02,West,Enterprise,0.8133486831498049
CUST_E,2025-08-19,INV-6836,14033.29,60.0,2025-10-18,0,12784.62,792.19,456.48,West,Enterprise,0.911020865385095
CUST_E,2025-08-20,NoInvoice,0.0,0.0,,0,0.0,0.0,0.0,West,Enterprise,0.0
CUST_E,2025-08-21,NoInvoice,0.0,0.0,,0,0.0,0.0,0.0,West,Enterprise,0.0
CUST_E,2025-08-22,INV-6805,12719.73,30.0,2025-09-21,0,12394.68,305.45,19.6,West,SME,0.9744452122804494
CUST_E,2025-08-23,INV-6491,16338.83,30.0,2025-10-22,30,14230.03,2108.8,0.0,East,Mid-Market,0.8709332308372142
CUST_E,2025-08-24,INV-6588,23653.27,30.0,2025-09-21,-2,22162.35,1118.88,372.04,East,SME,0.9369677004490288
CUST_E,2025-08-25,INV-6173,6584.87,45.0,2025-10-30,21,5872.6,286.37,425.9,North,Enterprise,0.8918323368570679
CUST_E,2025-08-26,INV-6458,11696.56,60.0,2025-11-09,15,11183.89,512.67,0.0,East,Mid-Market,0.9561691642671007
CUST_E,2025-08-27,INV-6919,22649.48,45.0,2025-10-14,3,22338.04,311.44,0.0,West,Mid-Market,0.9862495739416535
CUST_E,2025-08-28,NoInvoice,0.0,0.0,,0,0.0,0.0,0.0,West,Mid-Market,0.0
CUST_E,2025-08-29,INV-6352,9922.1,45.0,2025-10-27,14,8445.02,1441.73,35.35,North,Enterprise,0.8511323207788674
CUST_E,2025-08-30,INV-6120,16723.5,60.0,2025-11-12,14,15672.26,1051.24,0.0,North,Enterprise,0.9371399527610847
CUST_E,2025-08-31,INV-6554,6789.55,30.0,2025-10-21,21,5542.62,1161.68,85.25,West,SME,0.8163457077420447
CUST_E,2025-09-01,INV-6787,19131.48,45.0,2025-11-14,29,16363.94,2375.07,392.47,West,SME,0.855341040003178
CUST_E,2025-09-02,INV-6055,19299.29,60.0,2025-11-02,1,16541.45,2623.9,133.94,East,SME,0.8571014788626939
CUST_E,2025-09-03,INV-6913,21476.47,45.0,2025-10-19,1,21271.27,0.0,418.85,West,SME,0.9904453571746195
CUST_E,2025-09-04,NoInvoice,0.0,0.0,,0,0.0,0.0,0.0,West,SME,0.0
CUST_E,2025-09-05,NoInvoice,0.0,0.0,,0,0.0,0.0,0.0,West,SME,0.0
CUST_E,2025-09-06,INV-6553,7350.61,60.0,2025-11-14,9,6628.78,534.42,187.41,North,SME,0.9017999866677732
CUST_E,2025-09-07,NoInvoice,0.0,0.0,,0,0.0,0.0,0.0,North,SME,0.0
CUST_E,2025-09-08,NoInvoice,0.0,0.0,,0,0.0,0.0,0.0,North,SME,0.0
CUST_E,2025-09-09,INV-6026,18766.77,30.0,2025-10-20,11,17675.2,708.77,382.8,West,SME,0.9418349561485541
CUST_E,2025-09-10,INV-6620,16104.1,60.0,2025-11-26,17,13399.69,2704.41,0.0,West,SME,0.8320669891518309
CUST_E,2025-09-11,NoInvoice,0.0,0.0,,0,0.0,0.0,0.0,West,SME,0.0
CUST_E,2025-09-12,INV-6872,23876.63,60.0,2025-11-17,6,21492.76,2164.63,219.24,North,Enterprise,0.9001588582643362
CUST_E,2025-09-13,NoInvoice,0.0,0.0,,0,0.0,0.0,0.0,North,Enterprise,0.0
CUST_E,2025-09-14,INV-6733,5527.62,45.0,2025-11-28,30,4425.74,1101.88,0.0,West,SME,0.8006592348967548
CUST_E,2025-09-15,INV-6466,18291.4,45.0,2025-11-18,19,14633.25,3614.26,43.89,East,SME,0.8000071071651158
CUST_E,2025-09-16,NoInvoice,0.0,0.0,,0,0.0,0.0,0.0,East,SME,0.0
CUST_E,2025-09-17,INV-6231,24003.26,45.0,2025-11-28,27,21114.08,2665.49,223.69,West,SME,0.879633849735411
CUST_E,2025-09-18,INV-6729,5975.73,45.0,2025-11-24,22,5098.02,877.71,0.0,South,Mid-Market,0.8531208739350675
CUST_E,2025-09-19,NoInvoice,0.0,0.0,,0,0.0,0.0,0.0,South,Mid-Market,0.0
CUST_E,2025-09-20,INV-6037,23044.24,45.0,2025-11-23,19,18892.11,4152.13,0.0,West,SME,0.8198191825809833
CUST_E,2025-09-21,INV-6525,20500.58,45.0,2025-11-13,8,16981.94,3518.64,0.0,South,Mid-Market,0.8283638804365534
CUST_E,2025-09-22,INV-6449,8027.64,45.0,2025-11-15,9,7136.89,890.75,0.0,West,Enterprise,0.8890396181193975
CUST_E,2025-09-23,INV-6387,18189.83,60.0,2025-11-23,1,15532.37,2620.1,37.36,South,Enterprise,0.8539040771683957
CUST_E,2025-09-24,INV-6460,9976.95,60.0,2025-12-13,20,8832.36,1144.59,0.0,East,Mid-Market,0.8852765624765083
CUST_E,2025-09-25,NoInvoice,0.0,0.0,,0,0.0,0.0,0.0,East,Mid-Market,0.0
CUST_E,2025-09-26,INV-6258,21634.22,45.0,2025-12-08,28,18174.94,3418.33,40.95,West,SME,0.8401014688766222
CUST_E,2025-09-27,NoInvoice,0.0,0.0,,0,0.0,0.0,0.0,West,SME,0.0
CUST_E,2025-09-28,INV-6115,13203.44,30.0,2025-11-02,5,13174.9,28.54,0.0,East,Enterprise,0.997838442102967
CUST_E,2025-09-29,NoInvoice,0.0,0.0,,0,0.0,0.0,0.0,East,Enterprise,0.0
CUST_E,2025-09-30,INV-6645,20313.04,60.0,2025-11-29,0,17622.62,2690.42,0.0,West,Enterprise,0.8675520749233004
CUST_E,2025-10-01,NoInvoice,0.0,0.0,,0,0.0,0.0,0.0,West,Enterprise,0.0
CUST_E,2025-10-02,INV-6373,6183.32,60.0,2025-12-17,16,5433.68,749.64,0.0,North,SME,0.8787641590601813
CUST_E,2025-10-03,INV-6021,11353.3,60.0,2025-12-11,9,9644.72,1500.01,208.57,South,Enterprise,0.8495080725427849
CUST_E,2025-10-04,INV-6266,8728.96,30.0,2025-11-15,12,7893.4,548.89,286.67,North,SME,0.9042772563970967
CUST_E,2025-10-05,INV-6632,6038.81,45.0,2025-11-19,0,5325.71,262.23,450.87,South,Enterprise,0.8819138207693237
CUST_E,2025-10-06,INV-6878,13080.44,45.0,2025-12-10,20,12597.1,483.34,0.0,West,SME,0.963048643623609
CUST_E,2025-10-07,NoInvoice,0.0,0.0,,0,0.0,0.0,0.0,West,SME,0.0
CUST_E,2025-10-08,NoInvoice,0.0,0.0,,0,0.0,0.0,0.0,West,SME,0.0
CUST_E,2025-10-09,INV-6527,5116.96,30.0,2025-11-23,15,4620.55,366.76,129.65,North,SME,0.9029873205966042
CUST_E,2025-10-10,INV-6313,24862.47,45.0,2025-11-21,-3,21625.42,3237.05,0.0,West,Mid-Market,0.8698017534058361
CUST_E,2025-10-11,NoInvoice,0.0,0.0,,0,0.0,0.0,0.0,West,Mid-Market,0.0
CUST_E,2025-10-12,INV-6123,14253.28,60.0,2025-12-11,0,12440.21,1507.09,305.98,North,SME,0.8727962967120549
CUST_E,2025-10-13,INV-6453,8333.55,30.0,2025-11-23,11,7786.04,258.51,289.0,West,Enterprise,0.9343005081867872
CUST_E,2025-10-14,NoInvoice,0.0,0.0,,0,0.0,0.0,0.0,West,Enterprise,0.0
CUST_E,2025-10-15,INV-6559,24252.86,45.0,2025-12-03,4,22350.69,1423.1,479.07,West,SME,0.921569249977116
CUST_E,2025-10-16,INV-6625,23044.93,60.0,2026-01-03,19,22090.27,485.35,469.31,North,Mid-Market,0.9585739683305612
CUST_E,2025-10-17,NoInvoice,0.0,0.0,,0,0.0,0.0,0.0,North,Mid-Market,0.0
CUST_E,2025-10-18,NoInvoice,0.0,0.0,,0,0.0,0.0,0.0,North,Mid-Market,0.0
CUST_E,2025-10-19,INV-6181,17052.84,60.0,2026-01-03,16,14690.67,2362.17,0.0,South,Enterprise,0.861479378215007
CUST_E,2025-10-20,NoInvoice,0.0,0.0,,0,0.0,0.0,0.0,South,Enterprise,0.0
CUST_E,2025-10-21,INV-6954,24326.66,45.0,2026-01-04,30,23031.08,1295.58,0.0,West,SME,0.9467423805816335
CUST_E,2025-10-22,INV-6192,5885.24,30.0,2025-12-06,15,4764.62,904.27,216.35,North,Enterprise,0.8095880541830069
CUST_E,2025-10-23,INV-6924,18027.22,30.0,2025-12-02,10,17427.65,302.24,297.33,South,Mid-Market,0.9667408507800981
CUST_E,2025-10-24,INV-6744,12180.5,60.0,2026-01-18,26,10885.4,1294.92,0.18,South,Enterprise,0.8936743155042897
CUST_E,2025-10-25,INV-6228,7343.0,45.0,2025-12-10,1,7165.18,177.82,0.0,West,Enterprise,0.9757837396159608
CUST_E,2025-10-26,INV-6128,8032.79,45.0,2025-12-16,6,6455.13,1577.66,0.0,West,SME,0.8035975047274981
CUST_E,2025-10-27,NoInvoice,0.0,0.0,,0,0.0,0.0,0.0,West,SME,0.0
CUST_E,2025-10-28,INV-6131,24414.76,60.0,2025-12-29,2,21863.32,2074.51,476.93,North,SME,0.895496003237386
CUST_E,2025-10-29,NoInvoice,0.0,0.0,,0,0.0,0.0,0.0,North,SME,0.0
CUST_E,2025-10-30,INV-6044,24042.61,60.0,2026-01-23,25,23809.04,233.57,0.0,West,SME,0.9902851645474431
CUST_E,2025-10-31,INV-6863,15749.08,60.0,2025-12-31,1,12725.31,2595.81,427.96,West,Enterprise,0.808003388134418
